segment,计数
服务,6820
入住,3726
管家,3191
房间,3031
世界,2735
孩子,2030
不错,2011
亚特兰蒂斯,1929
体验,1795
特别,1789
早餐,1754
贴心,1740
水族馆,1599
下次,1209
设施,1184
三亚,1043
环境,1011
感觉,1003
小朋友,988
开心,973
真的,942
感谢,866
热情,855
适合,845
项目,810
前台,795
餐厅,790
时间,787
满意,777
喜欢,756
退房,736
周到,726
安排,691
亲子,630
干净,630
办理,622
升级,615
泳池,604
接待,587
水上,585
客房,565
卫生,564
超级,556
还会,553
游玩,548
选择,529
皇家,528
期间,508
很棒,500
值得,494
小姐姐,493
俱乐部,492
人员,488
客人,479
工作人员,476
推荐,470
免费,467
水果,461
排队,458
下午茶,453
乐园,449
帮忙,447
到位,433
晚上,430
亚特,420
服务员,418
礼物,409
Davis,401
打扫,401
介绍,394
大堂,390
海景,384
价格,382
整体,377
细心,374
无限,367
提供,366
提前,360
解决,351
全程,348
小孩,347
活动,346
好玩,346
度假,338
疫情,335
建议,332
服务态度,331
地方,330
行李,329
主动,326
两个,323
套房,316
耐心,311
五星,309
微信,303
很大,296
楼层,295
海棠,295
还给,294
宾客,293
好评,287
玩水,276
提醒,275
ina,275
服务周到,275
特别感谢,274
感受,272
延迟,270
旅行,269
谢谢,268
细致,267
人太多,265
第一次,264
两天,263
主管,263
总体,263
愉快,262
态度,259
房型,258
一点,258
硬件,256
舒服,250
客服,250
不用,244
希望,243
表演,243
非常感谢,243
人多,243
第二天,237
星级,232
舒适,230
沙滩,229
需求,228
丰盛,228
小时,227
热情周到,226
完美,225
齐全,223
点赞,222
打卡,218
宝宝,217
海景房,216
住店,216
配套,215
娱乐,211
专业,210
酒店设施,209
确实,209
自助,207
赠送,207
性价比,205
经理,205
下午,200
东西,197
几天,192
期待,191
家庭,190
负责,189
朋友,189
Ryan,189
儿童,189
晚餐,188
味道,188
机会,188
行程,187
关系,186
询问,185
品种,182
免税店,180
电话,180
海底,179
回复,179
套餐,179
阳台,179
很快,177
种类,176
餐饮,176
位置,174
表扬,173
细节,170
nice,169
携程,169
享受,169
告知,168
48,168
出行,168
唯一,166
迷你,166
游乐,165
发现,165
好吃,165
一流,165
风景,162
不好,162
惊喜,162
第二次,161
大人,160
热心,160
只能,159
信息,158
带娃,156
用餐,154
照顾,154
管理,154
一家,154
离店,153
礼宾,151
第一,150
景色,150
两晚,150
有求必应,149
预定,145
Mia,145
温馨,144
有问必答,142
实在,141
情况,141
房卡,139
三天,139
整洁,138
门票,138
回来,137
每次,137
假期,136
电梯,136
刺激,135
非常适合,134
自助餐,134
10,134
本来,134
网红,133
打电话,132
Eileen,132
豪华,130
特意,130
专属,129
玩得,129
一晚,127
当天,127
早上,126
饮料,126
Sally,124
Alisa,123
首选,123
浴袍,123
解答,123
小孩子,122
用心,122
Ron,122
玩儿,122
详细,121
宾至如归,120
海滩,120
春节,120
贵宾,120
体贴,118
哥哥,118
更好,118
五星级,117
住宿,116
家人,116
游客,116
告诉,114
美女,114
失望,114
不想,113
天气,113
游泳池,113
服务到位,112
拍照,112
品质,112
这家,111
门口,111
装修,111
吃饭,110
申请,110
还会来,110
出游,109
预约,109
毛巾,108
包含,108
送到,107
视野,107
分钟,107
漂流,107
停车场,107
海洋馆,107
遗憾,107
交通,106
生日,106
第一天,105
事情,105
旅游,105
漂亮,104
开放,104
Betty,103
好多,102
温暖,102
离开,102
时光,101
布置,101
cherry,101
海边,100
更是,99
嘈杂,99
12,99
Leif,99
评价,98
原因,98
美好,98
芒果,97
菜品,97
影响,97
无敌,96
攻略,96
holly,96
景观,96
乔宇,96
机场,96
标准,95
拖鞋,95
旺季,94
给予,94
不到,94
可惜,94
礼遇,94
很赞,93
还好,93
来到,93
用品,93
行政,93
可爱,93
几个,93
海南,93
动物,92
Terry,92
真心,91
一对一,91
没什么,91
收费,91
购物,91
18,90
Nada,90
蛋糕,90
住客,90
印象,90
补充,90
亲切,89
这是,89
提示,89
很漂亮,88
空间,88
沟通,88
老人,88
客户,86
关心,86
旁边,86
欢乐,86
送来,86
缺点,86
工作,85
阿姨,85
旅程,85
私人,84
空调,84
楼下,84
找到,84
11,83
肯定,83
休息,83
两次,83
包括,82
员工,82
赶上,82
安静,82
问候,82
咨询,81
至尊,81
环境优美,81
Tara,81
特色,81
有人,81
不愧,79
合适,79
皇冠,79
预订,79
白鲸,79
淡季,78
设计,78
暑假,78
棒棒,78
不太,78
Isabel,77
隔壁,77
礼品,77
解决问题,76
恒温,76
进出,76
收拾,76
手续,76
美食,75
Cherry,75
一位,75
各项,75
快速,75
迪拜,74
友好,74
小哥,74
游泳,74
小林,74
七星,74
讲解,74
陈伟聪,73
差评,73
划算,73
失落,73
情侣,73
餐食,73
完善,72
热闹,72
协调,71
菜市场,71
结束,71
番红花,70
仁恒,70
没得说,70
一份,70
外卖,70
房价,70
添加,70
终于,68
一如既往,68
无微不至,68
太阳,67
想象,67
打扫卫生,67
几次,67
大厅,67
精致,67
感动,67
周边,67
烟花,67
大海,67
玩偶,67
好看,67
人性化,67
度过,66
鸡尾酒,66
次畅,66
玩耍,65
小池,65
理解,65
回答,65
人少,65
吃喝玩乐,64
之旅,64
有个,64
超赞,64
热情服务,64
更换,64
依然,64
宽敞,63
衣服,63
亚龙湾,63
本次,63
等待,63
海鲜,63
尽兴,63
全家,63
还来,62
高端,62
七彩,62
评论,62
姐姐,62
满分,62
Amy,62
照片,61
大床,61
漂漂,61
毛病,61
浴巾,61
太棒了,61
儿子,61
反正,60
到达,60
跟不上,60
女儿,60
优秀,60
水平,60
水准,60
好好,60
太多,59
双床,59
春苗,59
人山人海,59
区域,59
早饭,59
点评,59
洗漱,58
30,58
美人鱼,58
三个,58
食物,58
明年,57
符合,57
隔音,57
不算,57
震撼,57
心情,57
名字,57
消费,56
礼貌,56
混乱,56
通知,56
提出,56
过年,56
海洋,56
口罩,56
客房部,56
看着,56
矿泉水,56
20,56
核酸,56
酒廊,55
再来,55
内容,55
房费,54
房间内,54
出门,54
没想到,54
海豚,54
外面,54
大气,54
速度,54
精彩,54
单独,53
飞机,53
设备,53
Ella,53
高档,53
一张,53
便宜,53
中午,52
深刻,52
三点,52
小姐,52
强烈推荐,52
留下,52
下水,52
说实话,52
随便,52
麻烦,52
挺不错,51
in,51
超好,51
手机,51
马桶,51
配备,51
一间,51
游乐场,51
国内,51
办法,51
很差,50
距离,50
一家人,50
畅玩,50
果盘,50
超值,50
预期,50
注意事项,50
Nicole,50
停车,49
武琪,49
好像,49
整理,49
口味,49
软件,49
Demi,49
咖啡,49
冰箱,49
寄存,49
礼盒,49
估计,49
网上,49
价位,48
我家,48
自带,48
担心,48
玩具,48
meyco,48
导致,48
一级,48
引导,48
大使,47
声音,47
意识,47
效率,47
伴手,47
不值,47
宝贝,47
很近,47
Louise,47
不行,47
值班,46
拥挤,46
算是,46
增加,46
田良楠,46
新鲜,46
高层,46
提升,45
check,45
美丽,45
那种,45
全是,45
仔细,45
内部,45
至少,44
旅拍,44
改进,44
回到,44
登记,44
响应,44
休闲,44
中餐厅,44
便利,44
中规中矩,44
稍微,44
父母,43
太好了,43
配置,43
正好,43
卫生间,43
自助餐厅,43
点个,43
托管,43
演出,43
关闭,43
上午,43
足够,43
特地,43
幸运,43
舒心,43
想要,42
蜜月,42
开门,42
浴缸,42
佳丽,42
意外,42
00,42
大大的,42
吐槽,42
天花板,42
一楼,42
台风,42
出入,42
一站式,42
天堂,42
吴双,42
回家,41
超大,41
潜水,41
惊艳,41
面积,41
会员,41
忘记,41
优点,41
免税,40
Winston,40
高大,40
女士,40
协助,40
助理,40
高峰期,40
临走,40
顺利,40
救生员,40
关键,40
看海,40
碰到,39
接待员,39
沈丹,39
牛排,39
参加,39
延时,39
40,39
接送,39
大小,39
去年,39
感到,39
太小,39
暖心,39
王霞,39
买票,39
人气,39
半个,39
进门,39
Vicky,38
质量,38
大巴,38
顾客,38
冲着,38
床上,38
是因为,38
高级,38
插曲,38
泳衣,38
美中不足,38
认真负责,38
没话说,38
档次,38
过程,37
室外,37
保洁,37
室内,37
优惠,37
第三次,37
打开,37
依旧,37
满满,37
睡觉,37
Ina,37
座位,37
风格,37
快乐,37
不像,37
无论是,37
老公,37
服务生,37
服务质量,37
被子,37
体现,36
提高,36
米娅,36
很小,36
点多,36
泡泡,36
没玩够,36
跟进,36
计划,36
专员,36
投诉,36
人美,36
物有所值,36
拿到,36
放松,36
相比,35
不用说,35
陈敬光,35
亮点,35
一路,35
打车,35
海神,35
一般般,35
简单,35
花钱,35
艾迪,35
15,35
送给,35
高峰,35
清洁,35
中式,35
开阔,35
旅途,35
专人,34
待遇,34
早点,34
酒吧,34
匹配,34
连续,34
四天,34
互动,34
只住,34
放手一搏,34
shady,34
不高,34
玩乐,34
国庆,34
温度,34
日出,34
得知,34
地毯,34
300,34
有没有,33
一进,33
多住,33
人不多,33
Leo,33
反馈,33
沙子,33
效果,33
最差,33
加床,33
地下,33
海狮,33
关怀,33
长隆,32
小伙子,32
美味,32
巴士,32
难忘,32
超棒,32
OK,32
垃圾,32
再见,32
有待,32
不让,32
黄琼莹,32
能力,32
下车,32
半天,32
重点,32
见到,32
地点,32
最佳,32
不虚此行,32
园区,32
爱心,32
接受,32
妈妈,31
辛苦,31
一圈,31
爱住,31
省心,31
100,31
无可挑剔,31
枕头,31
儿童乐园,31
做好,31
家长,31
流连忘返,31
巧克力,31
差距,31
开车,31
极差,31
帅哥,31
温柔,31
回忆,31
浪费,31
午餐,30
豪华酒店,30
显得,30
十点,30
想到,30
两点,30
热情接待,30
优质,30
两大,30
对接,30
一共,30
跨年,30
难吃,30
mini,30
浪漫,30
品牌,30
白天,30
价钱,30
下雨,30
条件,30
成人,30
无边,30
去过,29
放在,29
临时,29
加微信,29
令人,29
在线,29
应有尽有,29
还行,29
接到,29
桌子,29
物超所值,29
好去处,29
敬业,29
一遍,29
Lucky,29
鲨鱼,29
惬意,29
床品,29
灯光,29
有水,29
半夜,29
回应,29
柜台,29
疑问,29
一去,29
费用,29
50,29
充足,29
超过,29
发了,29
中国,29
节目,29
关照,29
亲子活动,28
一条龙,28
一整天,28
办好,28
之跃,28
放心,28
记得,28
就餐,28
Cindy,28
一句,28
糟糕,28
Ruby,28
热门,28
半小时,28
供应,28
游乐园,28
收到,28
各类,28
小黎,28
享用,28
火爆,28
一半,28
1.5,28
入园,28
200,28
友善,27
sally,27
想着,27
两位,27
每日,27
娃娃,27
小海豚,27
冲浪,27
太高,27
指引,27
蜈支洲岛,27
带来,27
林鸿森,27
大部分,27
后悔,27
差点,27
生日蛋糕,27
号称,27
入住率,27
上次,27
冬天,27
尴尬,27
Kayle,27
越来越,27
名不虚传,27
西式,27
浮潜,27
努力,26
超出,26
观看,26
西餐厅,26
壮观,26
饭店,26
回去,26
参观,26
物品,26
早晨,26
老婆,26
吵闹,26
吸引,26
品类,26
太大,26
心善,26
有意思,26
爆满,26
满房,26
暑期,26
陈永萍,26
亚特兰,26
氛围,26
前一天,26
Yedda,26
雨婷,26
优势,26
穿着,26
畅游,26
玩玩,26
小许,26
VIP,26
即可,26
窗帘,26
三亚旅游,26
时间表,26
细致入微,26
小潘,25
优美,25
Judy,25
原本,25
遇见,25
路上,25
啤酒,25
好几个,25
点到,25
必住,25
winston,25
下楼,25
一会,25
喇叭,25
换房,25
24,25
玩完,25
避开,25
景点,25
听说,25
过生日,25
吴兴,25
事无巨细,25
值得一看,25
14,25
现场,25
有趣,25
相关,25
侧面,25
顶级,25
明白,25
智能,25
说话,25
培训,25
中餐,25
居住,25
期望,25
名气,25
次数,25
安心,24
乱哄哄,24
权益,24
国际,24
一小,24
确认,24
发生,24
楼上,24
订房,24
购买,24
体会,24
玫瑰,24
对不起,24
饮品,24
火车,24
没法,24
前厅,24
老师,24
太赞,24
零食,24
穿越,24
陪同,24
清理,24
吃喝,24
挺好玩,24
通道,24
关门,24
一种,24
几家,24
生意,24
迎宾,23
真是太,23
没人,23
那天,23
两小,23
奢华,23
住房,23
尝试,23
非常热心,23
对面,23
防晒,23
规划,23
一到,23
两间房,23
地理位置,23
此行,23
走廊,23
玻璃,23
海风,23
人群,23
一层,23
时刻,23
沙发,23
一应俱全,23
夜场,23
家里,23
周全,23
600,23
营业时间,23
Andrew,23
3000,23
晾衣架,23
四个,23
洗浴,23
二刷,22
leif,22
商店,22
完备,22
太贵,22
关注,22
很暖心,22
尽心,22
大鱼缸,22
lucky,22
Li,22
司机,22
不太好,22
卡尔顿,22
带上,22
躺椅,22
无人,22
有序,22
走路,22
指导,22
紧张,22
小宝宝,22
一周,22
办完,22
航班,22
事宜,22
没开,22
程度,22
匆忙,22
发给,22
度假区,22
不带,22
五一,22
Andy,21
光顾,21
小伙伴,21
洗澡,21
节假日,21
等候,21
商场,21
定位,21
酒水,21
城市,21
一大,21
订单,21
美景,21
有种,21
短信,21
素质,21
对得起,21
过瘾,21
造浪池,21
周末,21
点名,21
一住,21
James,21
弥补,21
服务水平,21
nina,21
比较满意,21
团队,21
维护,21
错峰,21
三次,21
食材,21
随意,21
刚到,21
不远,21
刚刚,21
招待,21
付费,20
下海,20
打招呼,20
围栏,20
给力,20
着想,20
太太,20
额外,20
事项,20
可言,20
ivy,20
我定,20
环境卫生,20
接触,20
一点点,20
公里,20
不好意思,20
海洋生物,20
身高,20
太美,20
消息,20
看过,20
超高,20
滑梯,20
迎接,20
快速通道,20
点半,20
没到,20
也许,20
满满的,20
票价,20
宣传,20
自然,20
地面,20
不停,20
综合,20
一条,20
好玩儿,19
步行,19
拥有,19
入驻,19
28,19
阳光,19
三年,19
朝向,19
送餐,19
一股,19
全国,19
有限,19
Nina,19
改善,19
人满为患,19
差劲,19
区别,19
16,19
玩起来,19
yyds,19
样子,19
熟悉,19
小美女,19
纪念品,19
圆满,19
出发,19
玩好,19
中心,19
流程,19
面对,19
度蜜月,19
厉害,19
45,19
多人,19
不住,19
小王,19
超多,19
节省,19
平时,19
假日,19
邮寄,19
折叠,19
夏天,19
配有,18
明明,18
圣诞节,18
旅客,18
便捷,18
摆渡,18
全天,18
人流,18
干干净净,18
调整,18
椅子,18
维修,18
带娃来,18
三口,18
中西,18
vip,18
人数,18
听到,18
销售,18
意义,18
气氛,18
咖啡机,18
年轻人,18
水温,18
保安,18
公共,18
商业,18
必选,18
happy,18
王海荣,18
一场,18
取餐,18
差价,18
等于,18
傍晚,18
面包,18
贵宾厅,18
规模,18
最终,18
儿童用品,18
饮食,18
窗外,18
尽责,18
一会儿,18
无比,18
复游,18
软饮,18
见面,18
经历,18
ron,17
一趟,17
手动,17
后续,17
表示感谢,17
陈旧,17
小姑娘,17
九点,17
个人感觉,17
玩累,17
美的,17
套票,17
漏水,17
餐品,17
三星,17
错过,17
赶紧,17
2000,17
打算,17
同事,17
人超,17
王子,17
极佳,17
减少,17
多样,17
部门,17
带到,17
精美,17
反复,17
舒适度,17
护手霜,17
早餐时间,17
连住,17
一把,17
点心,17
洗护,17
li,17
做事,17
升级成,17
气温,17
爸妈,17
爸爸,17
过山车,17
要说,17
Holly,17
五天,17
无语,17
阳台门,17
打扰,17
摄影师,17
时段,17
四点,17
上楼,17
太远,16
慢慢,16
早就,16
丽思,16
房前,16
大姐,16
就让,16
4000,16
永远,16
不耐烦,16
不二,16
大象,16
取消,16
不合理,16
Maiya,16
敷衍,16
系统,16
最多,16
快递,16
逛逛,16
设置,16
牙刷,16
瞬间,16
Chen,16
高效,16
有点儿,16
好久,16
小李,16
千万别,16
很强,16
想来,16
两张,16
吃饱,16
人流量,16
就够,16
绝佳,16
期望值,16
等位,16
一段,16
袁甜,16
ryan,16
甜点,16
续住,16
符淑群,16
电视,16
哈哈哈哈,16
bar,16
1.2,16
生活,16
tony,16
优质服务,16
hour,16
一分,16
一站,16
圣地,16
第三,16
1.22,16
预留,16
实时,16
挺大,16
身边,16
珠海,16
果汁,16
23,16
三晚,15
数量,15
22,15
李恩耀,15
mia,15
一个多,15
鸡肋,15
ok,15
真不错,15
每位,15
路线,15
角度,15
相遇,15
糖果,15
宽敞明亮,15
甜品,15
来回,15
说好,15
建筑,15
两年,15
第一晚,15
美美,15
四晚,15
玩到,15
无聊,15
心心念念,15
重视,15
天天,15
实惠,15
一体,15
38,15
答疑,15
气派,15
保证,15
搞定,15
跟踪服务,15
面朝,15
浴室,15
护栏,15
打印,15
方式,15
小心,15
梦幻,15
感受一下,15
医务室,15
小百,15
级别,15
一年,15
先说,15
再也不会,15
Casey,15
再也,15
精心,15
真诚,15
晚饭,15
晚间,15
服务部,15
基础,15
睡着,15
几点,15
主题,15
愉悦,15
直升机,15
进水,15
大型,15
廉价,15
服务中心,15
充满,15
为啥,15
主打,15
小贵,15
意犹未尽,15
客户经理,15
教练,15
配不上,15
道理,15
前来,15
畅饮,15
淋浴间,15
十一,15
双人,15
快捷酒店,15
太久,15
老旧,14
1000,14
理由,14
业务,14
BSK,14
乱糟糟,14
之外,14
露天,14
轻松,14
李倩倩,14
这位,14
降低,14
头发,14
凌晨,14
早早,14
顺便,14
井然有序,14
下水道,14
娃儿,14
水质,14
随叫随到,14
井井有条,14
体量,14
跟上,14
广州,14
饼干,14
送上,14
小盆友,14
洲际,14
看鱼,14
好处,14
每晚,14
道歉,14
下降,14
欣欣,14
果断,14
有时候,14
地标,14
快捷,14
杂技,14
我订,14
临近,14
面面俱到,14
一线,14
全方位,14
不知,14
门童,14
有用,14
年轻,14
三星级,14
很多很多,14
功能,14
全家人,14
等级,14
体贴入微,14
杂乱,14
延长,14
正面,14
伤害,14
可玩性,14
次刷,14
检测,14
模式,14
一行,14
小伙,14
玩够,14
到家,14
太冷,14
吃个,14
赵远萍,14
图片,14
打包,14
季节,14
像是,14
拒绝,14
时期,14
可口,14
不厌其烦,13
十分钟,13
操作,13
困难,13
多一些,13
蜜月旅行,13
圣诞,13
挑战,13
排长队,13
提早,13
亲密,13
边上,13
优雅,13
90,13
冰淇淋,13
足足,13
太爽了,13
开夜,13
喜好,13
缺少,13
解释,13
地上,13
没住,13
Yolanda,13
套装,13
感冒,13
解放,13
充电,13
乱七八糟,13
下载,13
下班,13
繁多,13
临走时,13
等待时间,13
尚可,13
之行,13
出去玩,13
舍不得,13
打折,13
寒假,13
推销,13
17,13
有空,13
日料,13
别墅,13
小喇叭,13
块钱,13
抵达,13
母亲,13
judy,13
餐具,13
身份证,13
一顿,13
人脸识别,13
二维码,13
食品,13
师傅,13
当晚,13
万圣节,13
综合体,13
万豪,13
妥当,13
二次,13
消毒,13
ella,13
独立,13
户外,13
上海,13
落下,13
小妹妹,13
入口,13
行李箱,13
厕所,13
只开,13
一次性,13
陪伴,13
治愈,13
很长,13
一双,13
异味,13
客流量,13
收获,13
答复,13
可乐,13
团购,13
答应,13
一玩,13
VK,13
大片,13
太少,13
明天,13
嘘寒问暖,13
游艇,13
海水,12
太低,12
方向,12
广场,12
国外,12
出片,12
污渍,12
丝毫,12
客户关系,12
领导,12
柏悦,12
章鱼,12
需不需要,12
香格里拉,12
出色,12
健身房,12
几年,12
极致,12
Johnny,12
着急,12
太差,12
营业,12
Zora,12
床头,12
太好,12
不爽,12
烟火,12
自驾,12
对外开放,12
值得称赞,12
500,12
外观,12
尽情,12
超一流,12
客流,12
剧场,12
low,12
lsabel,12
运气,12
各个方面,12
水族,12
相当于,12
李明,12
APP,12
乐不思蜀,12
跟得上,12
闹哄哄,12
微笑,12
间房,12
解惑,12
之选,12
时间段,12
奈斯,12
观海,12
明亮,12
人带,12
抱歉,12
给出,12
检查,12
清扫,12
再住,12
带领,12
送礼物,12
美食街,12
放假,12
拿来,12
秩序,12
很难,12
八点,12
宾馆,12
价值,12
high,12
欠缺,12
牛轧糖,12
一夜,12
没带,12
很早,12
Nice,12
一块,12
控制,12
俯瞰,12
同行,12
最最,12
类似,12
十分满意,12
同学,12
一看,12
充实,12
演员,12
妥妥,12
致电,12
休假,12
算不上,12
有事,12
赞赞赞,12
西餐,12
花园,12
堪称,12
Anna,12
复游会,12
碰上,12
状态,12
妹妹,12
看不到,12
最贵,12
太棒,12
夜景,12
理念,11
专用,11
配得,11
红树林,11
省去,11
成正比,11
二天,11
第四,11
打个,11
接近,11
恶心,11
前往,11
早晚,11
增添,11
不配,11
出品,11
说走就走,11
之间,11
桌上,11
出租车,11
惊险刺激,11
马戏,11
第一个,11
爱玩,11
显示,11
太慢,11
医院,11
渡假,11
两家,11
海上,11
年前,11
值回,11
分享,11
安全员,11
1314,11
标榜,11
买个,11
铂金,11
柜子,11
两间,11
棒极了,11
布局,11
办理手续,11
水池,11
外出,11
学习,11
幸福,11
目的,11
节日,11
tara,11
备注,11
慕名而来,11
第一站,11
市场,11
Chloe,11
运营,11
勉强,11
第三天,11
五点,11
肚子,11
交给,11
夜床,11
NADA,11
人性,11
很爽,11
忙不过来,11
付出,11
略有,11
送过来,11
要来,11
派对,11
一只,11
略显,11
巨多,11
超美,11
一分货,11
参考,11
饮用水,11
突发,11
张小美,11
5000,11
不怎么样,11
海浪,11
52,11
防水,11
最深,11
55,11
商务,11
透明,11
免去,11
折扣,11
疑惑,11
视频,11
一日三餐,11
开业,11
自动,11
威斯汀,11
下回,11
Lisa,11
挖沙,11
队伍,11
25,11
多年,11
洗完,11
上门,11
唯独,11
观景,11
护肤,11
商业街,11
观察,11
结婚,11
记住,11
喜来登,11
很值,11
营销,11
大排档,11
兴奋,11
陆昌业,11
车程,11
这方面,11
拍摄,11
卡片,11
送机,11
名副其实,11
服务设施,11
人来人往,11
六点,11
五分钟,11
应有,11
秀场,11
睡眠,11
许佳程,11
床围,11
一下子,11
形容,11
游戏,11
做出,11
极好,11
三亚湾,10
还算,10
多种,10
表现,10
Meyco,10
公寓,10
鲜榨,10
整整齐齐,10
责任心,10
迷人,10
一条街,10
贝壳,10
大酒店,10
Ashley,10
房门,10
Atlantis,10
400,10
文化,10
七天,10
一早,10
软硬件,10
句号,10
整齐,10
龙虾,10
袜子,10
跟踪,10
有家,10
坐在,10
下单,10
福利,10
李丽连,10
还加,10
提了,10
一系列,10
酒店客房,10
追求,10
全靠,10
佳程,10
成本,10
三家,10
很晚,10
熟练,10
机票,10
吃完饭,10
顾问,10
他家,10
音乐,10
一眼,10
披萨,10
椰子,10
衣物,10
餐点,10
餐盘,10
细腻,10
就行,10
风景优美,10
小兔子,10
上档次,10
大巴车,10
备品,10
连锁,10
贵宾室,10
耽误,10
一瓶,10
三千多,10
大众,10
吹风机,10
剩下,10
近距离,10
日常,10
纪念,10
受伤,10
折腾,10
好太多,10
午饭,10
年龄段,10
东南亚,10
记忆,10
邀请,10
忽略,10
进店,10
点后,10
二个,10
一件,10
窗口,10
欣赏,10
参与,10
值得一提的是,10
差别,10
穿过,10
喂食,10
通行,10
冷漠,10
交流,10
优先,10
小帅哥,10
没用,10
terry,10
笑脸,10
压力,10
app,10
68,10
不足之处,10
二是,10
总算,10
过后,10
诉求,10
alisa,10
搭配,10
这时候,10
悉心,10
长得,10
卫生条件,10
长时间,10
偏贵,10
五分,10
19,10
四口,10
玩个,10
笑容,10
噪音,10
无奈,10
晚点,10
分开,10
套路,10
问好,10
符玉星,10
发微信,10
必去,10
点儿,10
Winnie,10
调皮,10
多个,10
所有人,10
一堆,10
较大,10
住进,10
挑不出,10
开启,10
先进,10
是从,10
北京,10
真实,10
分配,10
订好,10
两夜,10
众多,10
最棒,10
低龄,9
事事,9
没人管,9
电动,9
牌子,9
宋双,9
摆放,9
公园,9
没事,9
路程,9
车牌,9
无人机,9
没见,9
始终,9
几晚,9
习惯,9
婴儿,9
没错,9
13,9
之下,9
贺卡,9
26,9
救生衣,9
王星翰,9
送个,9
接机,9
我要,9
注重,9
光临,9
兰蒂斯,9
害怕,9
好开心,9
犹豫,9
人均,9
换成,9
整天,9
如果说,9
47,9
900,9
产品,9
人挤,9
住户,9
鱼缸,9
好感,9
五岁,9
优越,9
内心,9
超乎,9
经营,9
分流,9
插座,9
提到,9
人来,9
人手,9
几分钟,9
生气,9
方方面面,9
拜访,9
电动车,9
鱼类,9
娱乐活动,9
敲门,9
奇葩,9
电瓶车,9
支持,9
水里,9
环节,9
客厅,9
散步,9
太多人,9
就加,9
吵杂,9
千多,9
景区,9
积分,9
管理人员,9
一点儿,9
补偿,9
正确,9
夜里,9
算了,9
协商,9
太吵,9
强烈建议,9
晾衣服,9
海岸线,9
箱子,9
一览无余,9
李斌,9
随时随地,9
Connor,9
ELLA,9
感恩,9
感差评,9
谢谢你们,9
一人,9
差到,9
店大欺客,9
店里,9
一千多,9
开房,9
小小的,9
十一点,9
水中,9
一套,9
多久,9
简餐,9
多分钟,9
尽收眼底,9
太乱,9
同层,9
Max,9
点才,9
祝福,9
压根,9
可玩,9
餐馆,9
防晒霜,9
门外,9
比心,9
尽力,9
不开,9
大门,9
月份,9
不亏,9
心理,9
发送,9
不去,9
设备齐全,9
很旺,9
更新,9
三文鱼,9
装饰,9
往返,9
总有,9
首次,9
类型,9
各种各样,9
Peter,9
就行了,9
Jack,9
陈小漂,9
不肯,9
总共,9
小漂,9
服务满意,9
三岁,9
水底,9
想不到,9
小仝,9
臭味,9
场所,9
夏才纪,9
领取,9
水枪,9
sweety,9
苹果,9
酒精,9
清晰,9
Check,9
临走前,9
vicky,9
聊天,9
betty,9
年底,9
查看,9
回访,9
steve,9
加油,9
kayle,9
次水,9
复星,9
靠海,9
床垫,9
地址,9
中途,9
小吃,9
summer,9
第一印象,9
草坪,9
四星,9
前两天,9
床单,9
戏水,9
希尔顿,9
靠近,9
主食,9
幸好,9
节约,9
吃住行,8
面档,8
katrina,8
三间,8
这趟,8
三刷,8
深刻印象,8
吃海鲜,8
押金,8
陈人婷,8
组织,8
各处,8
很全,8
提前准备,8
nada,8
西亚诺,8
非常高兴,8
身上,8
给我发,8
深圳,8
三餐,8
比不上,8
good,8
解封,8
定时,8
缘故,8
特价,8
月初,8
疲惫,8
抖音,8
亲和力,8
小陆,8
取票,8
亲人,8
46,8
楼道,8
技术,8
....,8
Lin,8
新年,8
有名,8
疏忽,8
内有,8
深潜,8
火车站,8
带走,8
完毕,8
花样,8
很美,8
NICE,8
灯会,8
家里人,8
舒适感,8
跟着,8
护肤品,8
上班,8
接驳,8
叫外卖,8
只想,8
有幸,8
返回,8
口碑,8
离谱,8
车子,8
casey,8
王菲,8
蔡海飞,8
回房,8
来过,8
啥事,8
延后,8
滑倒,8
一塌糊涂,8
企业,8
康平,8
先是,8
very,8
算下来,8
涨价,8
用具,8
随手,8
霉味,8
偏高,8
菜单,8
客气,8
噱头,8
绝美,8
集市,8
实际上,8
换个,8
应对,8
瑕疵,8
绝绝子,8
差太多,8
一切都是,8
落地,8
落差,8
自行,8
菜场,8
颗星,8
媳妇,8
简陋,8
一杯,8
Ulick,8
期待已久,8
后期,8
消费者,8
尽职尽责,8
ps,8
一试,8
大名鼎鼎,8
退款,8
字数,8
渡过,8
29,8
未来,8
同等,8
形式,8
样式,8
同意,8
形象,8
身体,8
国庆节,8
一群,8
Toby,8
全天候,8
找回,8
满满当当,8
入睡,8
搞笑,8
岛民,8
积极主动,8
引领,8
鸡蛋,8
补给,8
衣架,8
电影,8
27,8
一盘,8
288,8
张红苗,8
种草,8
必玩,8
早起,8
Jasper,8
高品质,8
凳子,8
Aileen,8
不愧为,8
手写,8
十二点,8
好大,8
几瓶,8
懒得,8
恰到好处,8
两娃,8
乌央,8
慕名,8
时有,8
十足,8
煎蛋,8
中西餐,8
想想,8
太累,8
去取,8
不敢恭维,8
点多到,8
不通,8
无需,8
纪念日,8
乐趣,8
高度,8
小岛,8
怒海,8
明智,8
中秋,8
真棒,8
房客,8
53,8
繁忙,8
Emily,8
起码,8
浪费时间,8
贵有,8
星期,8
Fairy,8
我加,8
主菜,8
太多太多,8
熙熙攘攘,8
无疑,8
对外,8
头疼,8
太短,8
最快,8
考虑周到,8
点餐,8
忐忑,8
走进,8
找个,8
赚钱,8
里边,8
准时,8
知识,8
准确,8
配送,8
商业化,7
蓝色,7
溜达,7
一大早,7
官方,7
娱乐场所,7
医生,7
无数次,7
瑞吉,7
瑰丽,7
隔天,7
无忧,7
挺舒服,7
一个月,7
儿童活动,7
课程,7
游览,7
延期,7
穿梭,7
充电器,7
优惠券,7
刘儒,7
多一晚,7
最火,7
淋浴,7
多晚,7
收餐,7
女孩,7
入场,7
太忙,7
周岁,7
说加,7
丢失,7
一清二楚,7
出租,7
全包,7
惊讶,7
惊呆,7
半价,7
眼镜,7
起床,7
着实,7
悠闲,7
Tony,7
以内,7
手工,7
一是,7
较差,7
颜色,7
太早,7
哇塞,7
请问,7
Wang,7
品种繁多,7
两只,7
远远,7
多加,7
赶着,7
钱花,7
工具,7
螃蟹,7
洗手台,7
随处可见,7
十多分钟,7
事件,7
加钱,7
换好,7
竞速,7
面前,7
安装,7
提斯,7
地板,7
日期,7
安慰,7
Boss,7
地图,7
非要,7
别墅区,7
checkin,7
酒店设计,7
信赖,7
1200,7
日子,7
过高,7
花钱买,7
安全隐患,7
标识,7
桌椅,7
清澈,7
cindy,7
帅气,7
舍得,7
舒信,7
时会,7
贾琪,7
帆船,7
带个,7
第四次,7
前提,7
椰汁,7
面向,7
椰林,7
泡澡,7
时尚,7
坐下,7
清洗,7
场面,7
场地,7
赞扬,7
安全感,7
还配,7
导航,7
爆赞,7
林鸿森为,7
差强人意,7
没能,7
摄影,7
林辉,7
鸡腿,7
刚进,7
zora,7
水族箱,7
自费,7
换衣服,7
换票,7
感激,7
四千多,7
豪华气派,7
豪华型,7
爱不释手,7
淋浴房,7
理想,7
爆米花,7
奇怪,7
浪大,7
实力,7
过硬,7
玩法,7
实名,7
简洁,7
房券,7
位于,7
实属,7
排名,7
这块,7
但水,7
这件,7
爆棚,7
明明白白,7
班车,7
房子,7
搭理,7
相比之下,7
270,7
附属,7
小火锅,7
政策,7
其他人,7
粗糙,7
人会,7
人多到,7
吃点,7
变得,7
一颗,7
恨不得,7
几张,7
抱罗粉,7
好点,7
上课,7
变化,7
有位,7
盘子,7
录入,7
不小,7
上菜,7
海龟,7
凉快,7
一部分,7
Nicky,7
精神,7
快点,7
精心安排,7
一路上,7
遇上,7
上车,7
老妈,7
同志,7
证件,7
很久没,7
39,7
海星,7
Mason,7
送回,7
天域,7
敞亮,7
只会,7
31,7
点点,7
视线,7
逛街,7
人员素质,7
暖暖的,7
视觉,7
Ivy,7
万宁,7
鱼儿,7
饺子,7
口感,7
小雷,7
最低,7
纠结,7
恋恋不舍,7
跟前,7
睡衣,7
却是,7
餐桌,7
不乱,7
胃口,7
寂寞,7
问问,7
寄回,7
含水,7
大点,7
够玩,7
超市,7
问询,7
更棒,7
防疫,7
厨师,7
打不开,7
车里,7
最让人,7
从水,7
有条不紊,7
招牌,7
最美,7
管理水平,7
风浪,7
必备,7
专职,7
门上,7
美高梅,7
一碗,7
拔草,7
好喝,7
人声鼎沸,7
拍拍,7
暂时,7
留言,7
最少,7
限次,7
三明治,7
好些,7
尖叫,7
受不了,7
43,7
旅行团,7
忽悠,7
私密性,7
闭园,7
造型,7
要死,7
小点心,7
触摸,7
降温,7
沉浸,7
一言难尽,7
年龄,6
老牌,6
给予帮助,6
见识,6
房号,6
加个,6
假日酒店,6
平米,6
固定,6
石锅,6
茶具,6
围绕,6
观赏,6
过敏,6
再会,6
荔枝,6
干嘛,6
只好,6
大门口,6
看得出,6
痛快,6
我会,6
接电话,6
筏子,6
保利,6
我来,6
垃圾桶,6
处于,6
素养,6
第五,6
白色,6
国际化,6
大队,6
双手,6
忙前忙后,6
经验,6
绿化,6
刷水,6
夸张,6
冷清,6
发消息,6
承诺,6
必来,6
贴身,6
忙碌,6
场景,6
夫人,6
只不过,6
过长,6
懒人,6
修好,6
平台,6
实习生,6
糊弄,6
大道,6
现象,6
可圈可点,6
叠好,6
解决方案,6
去逛,6
地帮,6
老乡,6
购票,6
疯狂,6
受欢迎,6
农贸市场,6
保障,6
跑来跑去,6
缺乏,6
及时处理,6
差钱,6
客观,6
再三,6
空房,6
稍大,6
语气,6
拍照片,6
免得,6
工程部,6
稍显,6
咖喱,6
睡午觉,6
太值,6
联通,6
六星级,6
指示,6
尽职,6
绝大多数,6
睡得,6
当日,6
畅快,6
蚊子,6
多元,6
空气,6
挑剔,6
拉低,6
形同虚设,6
直奔,6
十几分钟,6
唐梦琪,6
表情,6
忍不住,6
太过,6
多谢,6
出海,6
全球,6
出差,6
姑娘,6
多间,6
张丽,6
屋里,6
出示,6
升房,6
周六,6
客满,6
老少皆宜,6
车辆,6
免费送,6
衔接,6
管理混乱,6
入店,6
多点,6
周边环境,6
单一,6
层楼,6
电脑,6
君悦,6
姜茶,6
出门在外,6
持续,6
生日礼物,6
延误,6
卖场,6
自称,6
绝不会,6
小孩儿,6
化妆品,6
换到,6
大打折扣,6
催促,6
打来,6
推出,6
勤快,6
停车位,6
实用,6
租赁,6
罗贻愿,6
恢复,6
右边,6
差异,6
要点,6
神奇,6
老人家,6
广告,6
莫名其妙,6
偏西,6
精力,6
短暂,6
创可贴,6
大爱,6
证明,6
谈不上,6
危险,6
应答,6
生怕,6
卖点,6
太晒,6
充裕,6
商品,6
大大小小,6
睡袍,6
意见,6
奢侈,6
喂鱼,6
蔚蓝,6
监控,6
卧室,6
知名,6
分项,6
小家伙,6
蓝天,6
太爱,6
喜爱,6
蒂斯,6
著名,6
小宝贝,6
调酒师,6
老板,6
窗户,6
开餐,6
缓解,6
有钱人,6
爱人,6
爱喝,6
毋庸置疑,6
那位,6
餐台,6
那一刻,6
事先,6
餐饮部,6
无力,6
遗落,6
遗留,6
遗漏,6
牛奶,6
比较慢,6
方便快捷,6
馄饨,6
牛肉,6
海昌,6
食堂,6
RON,6
洗手间,6
RYAN,6
星夜,6
amy,6
时隔,6
WiFi,6
丰富多彩,6
时时,6
风大,6
正对,6
配合,6
Tikki,6
郭云杏,6
之地,6
早中晚,6
日式,6
SPA,6
Roy,6
无缝,6
民宿,6
Happy,6
气息,6
亲爱,6
58,6
沐浴露,6
代表,6
沙滩椅,6
以往,6
4D,6
仪式,6
收取,6
价格比,6
操心,6
洗衣服,6
36,6
35,6
32,6
玩不过来,6
没得,6
进场,6
迪士尼,6
王万智,6
仓促,6
散客,6
人一多,6
ChloeG,6
Caroline,6
人头攒动,6
人工,6
人帅,6
数一数二,6
送水,6
放到,6
Alvin,6
Alice,6
高于,6
独特,6
从仁恒,6
从众,6
独角,6
次日,6
领位,6
两遍,6
问有,6
火锅,6
来水,6
隔离,6
灭霸,6
来电,6
防滑,6
防控,6
难以,6
上网,6
灰尘,6
有心,6
闺蜜,6
闺女,6
一侧,6
极力推荐,6
不上,6
集团,6
一家子,6
火热,6
三是,6
一批,6
限量供应,6
一游,6
一部,6
陈瑶,6
七点,6
潮湿,6
一拍,6
望出去,6
有钱,6
杠杠,6
服务项目,6
激动,6
三千,6
一床,6
附送,6
一带,6
最起码,6
极高,6
两边,6
不划算,6
不说,6
暖和,6
锦上添花,6
minibar,6
max,6
晾晒,6
链接,6
leo,6
鞋子,6
isabel,6
两人,6
两千多,6
顾虑,6
热情帮助,6
crystal,6
两种,6
金卡,6
非常少,6
核对,6
party,6
查房,6
雷叶莉,6
不多,6
view,6
点半到,6
门窗,6
tikki,6
门槛,6
更高,6
点赞点,6
spa,6
标志,6
标杆,6
标注,6
不理,6
peter,6
不符,6
没房,6
照相,6
机器,6
没来,6
住满,6
描述,6
2022,6
还选,6
搬运,6
21,6
洗发水,6
体力,6
没敢,6
措施,6
没洗,6
还会选,6
凉亭,5
柱子,5
国内外,5
海族馆,5
标准化,5
方案,5
交代,5
毛绒玩具,5
霸气,5
羊毛,5
五晚,5
并未,5
怕人,5
五颗星,5
胆子,5
毛毯,5
这回,5
荞麦,5
凑热闹,5
凑合,5
讲真,5
首屈一指,5
打造,5
年纪,5
查询,5
超爱,5
Jailene,5
suti,5
更衣室,5
长队,5
ruby,5
平常,5
在意,5
出乎意料,5
不论是,5
打分,5
旅行社,5
在外,5
长大,5
不见,5
Linda,5
大面积,5
凤凰,5
几间,5
暴雨,5
核实,5
Lief,5
卫生设施,5
花洒,5
洗个,5
遗忘,5
总体而言,5
不给力,5
更大,5
五个,5
即往,5
天使,5
长袖,5
不看,5
苍蝇,5
幸亏,5
毫不犹豫,5
信任,5
香味,5
发霉,5
纪念物,5
营养,5
Carmen,5
心想,5
心愿,5
心旷神怡,5
整整,5
问路,5
发过来,5
最赞,5
不全,5
人去,5
太给力,5
不出,5
报名,5
婴儿床,5
订房间,5
2018,5
嘉年华,5
闷热,5
难求,5
留意,5
留着,5
解压,5
纸巾,5
人心,5
炒饭,5
有何,5
路边,5
耽误时间,5
月底,5
Candy,5
文字,5
文振爱,5
信号,5
体重,5
硬伤,5
把手,5
多些,5
双园,5
温水,5
不太多,5
回程,5
提名,5
门铃,5
小提示,5
海口,5
气味,5
最冷,5
地为,5
架子,5
游乐区,5
水吧,5
订餐,5
太爽,5
Dolripher,5
过多,5
农家乐,5
庆幸,5
订错,5
发到,5
水下,5
浴衣,5
端午节,5
认真仔细,5
最旺,5
冰激凌,5
太旺,5
遭遇,5
长假,5
旋风,5
次入园,5
赔偿,5
刷新,5
感好,5
涉水,5
资料,5
早日,5
前一晚,5
两点钟,5
春节假期,5
黄英,5
我妈,5
听见,5
淋雨,5
真不知道,5
两瓶,5
davis,5
豪气,5
顺心,5
晒太阳,5
真想,5
我选,5
够用,5
屋内,5
够呛,5
顺畅,5
管理层,5
概率,5
两日,5
布局合理,5
制冷,5
夜市,5
热情好客,5
自驾游,5
丽丽,5
十一点多,5
办事效率,5
左边,5
加热,5
加温,5
外部,5
外部环境,5
YYDS,5
临别,5
成熟,5
办手续,5
欺骗,5
酒店设备,5
功夫,5
欲望,5
加价,5
ahava,5
外来,5
勇气,5
重复,5
崩溃,5
个个,5
次进,5
照料,5
看重,5
我住,5
自主,5
成行,5
负担,5
值得一提,5
感谢您,5
负责人,5
风味,5
网络,5
深度,5
楼高,5
清静,5
智能化,5
单位,5
芝士,5
少风,5
错开,5
过得,5
大杂烩,5
lisa,5
每人,5
面带微笑,5
烟味,5
大方,5
没空,5
节奏,5
情绪,5
赶时间,5
事儿,5
眼睛,5
试试,5
婚纱照,5
出名,5
Lydia,5
干什么,5
格局,5
大车,5
爽歪歪,5
大热天,5
诚意,5
第一名,5
事实证明,5
出过,5
常年,5
赶集,5
大忙,5
烟灰,5
墙纸,5
房内,5
基础设施,5
此要,5
无限量,5
初次,5
乐队,5
舒舒服服,5
郁闷,5
走到,5
米其林,5
安保,5
户型,5
顶楼,5
正餐,5
烧烤,5
房屋,5
眼前,5
清净,5
大宝,5
PS,5
东北,5
俯视,5
带我去,5
统一,5
实话实说,5
景色宜人,5
黄章,5
第二年,5
刚下,5
这份,5
垫脚,5
实至名归,5
惠灵顿,5
角落,5
点前,5
借用,5
供选择,5
娃们,5
先去,5
没去,5
来加,5
一段时间,5
开关,5
仿佛,5
完整,5
三百,5
80,5
支付,5
招呼,5
琳琅满目,5
很慢,5
任何人,5
全部都是,5
有车,5
拜托,5
全程无,5
从进,5
生物,5
放个,5
名不副实,5
给与,5
公仔,5
三间房,5
电视机,5
薯条,5
来接,5
一大堆,5
一大家子,5
阴天,5
98,5
汉堡,5
延退,5
袋子,5
后会,5
放置,5
挤满,5
洗衣,5
当成,5
虫子,5
37,5
一如,5
李代泓,5
宽大,5
公共场所,5
老二,5
车牌号,5
放下,5
停车费,5
黄家,5
池边,5
落地窗,5
王晶,5
材料,5
满意度,5
融合,5
随处,5
王德斌,5
合作,5
沙拉,5
稳定,5
离海,5
装潢,5
和蔼,5
离水,5
和蔼可亲,5
拿走,5
开森,5
指南,5
令人满意,5
经济,5
齐备,5
万分,5
兑换,5
换洗,5
王国,5
沐浴,5
价格便宜,5
同类,5
蚊虫,5
吃晚饭,5
全景,5
迫不及待,5
一桌,5
潘屹,5
玩吧,5
称号,5
一根,5
服务业,5
西点,5
魔术,5
滞留,5
仙女,5
完泳,5
连通,5
42,5
指甲,5
富丽堂皇,5
好几遍,5
好友,5
拉花,5
褒贬不一,5
威斯,5
没得说的,5
关不上,5
一百多,5
补货,5
喝酒,5
你家,5
Alan,5
一名,5
一倍,5
关怀备至,5
独一无二,5
元旦,5
种种,5
元宵节,5
躺平,5
吵吵嚷嚷,5
鲸鱼,5
租车,5
傲慢,5
康年,5
畅享,5
挺快,5
喧嚣,5
会发,5
进不去,5
善良,5
玩上,5
姐妹,5
效率高,5
没意思,5
吓人,5
上岗,5
鸡尾酒会,5
强制,5
鸡汤,5
玛雅,5
细微,5
灵活,5
度假胜地,5
可怜,5
达标,5
车上,5
一米,5
六天,5
身份,5
会带,5
一脸,5
表达,5
极低,5
六岁,5
美妙,5
限量,5
完后,5
舞台,4
称得上,4
加装,4
Zach,4
音响,4
椰奶,4
第二站,4
眼前一亮,4
james,4
欢快,4
两三天,4
两三次,4
自由,4
提问,4
晚起,4
同房,4
想住,4
愿望,4
欣慰,4
吵得,4
异常,4
本想,4
Yoana,4
质疑,4
面部,4
定好,4
听听,4
晶吃,4
William,4
梦想,4
一排,4
多且,4
带给,4
低级,4
陈柏潮,4
烟头,4
看水,4
面条,4
开着,4
节点,4
惊人,4
慰问,4
良心,4
朝海,4
铂金卡,4
惊险,4
一日,4
和善,4
深海,4
景致,4
醒目,4
环球,4
明星,4
随口,4
加持,4
热闹非凡,4
醒来,4
质感,4
坑人,4
艺术,4
说真的,4
周道,4
顶尖,4
140,4
周一,4
两顿,4
泳装,4
热水,4
吹风,4
吹头发,4
定价,4
区分,4
当面,4
demi,4
勺子,4
调换,4
次来,4
私家,4
eileen,4
感会,4
热爱,4
是否是,4
热情洋溢,4
带俩,4
金梦楚,4
黄金周,4
一百个,4
感官,4
表面,4
张博,4
复兴,4
caroline,4
插口,4
一身,4
袁挺,4
昨天,4
深受,4
预想,4
本地人,4
黄鑫成,4
金枪鱼,4
包场,4
秀是,4
周围环境,4
补上,4
差远了,4
想续,4
一问三不知,4
向往,4
一袋,4
玻璃门,4
两千,4
热菜,4
预算,4
个赞,4
负面,4
陌生,4
感都,4
两分钟,4
十天,4
味儿,4
吵醒,4
强烈要求,4
楼梯,4
外地人,4
两句,4
一盒,4
热带,4
滴水,4
领到,4
名号,4
增色,4
貌似,4
名叫,4
钟娇秋,4
私密,4
舒克,4
周日,4
十八,4
填饱,4
诸多,4
两回,4
行礼,4
1300,4
一价,4
华丽,4
来来回回,4
一回,4
忍受,4
回头,4
认可,4
认准,4
yoyo,4
yq,4
不吃,4
雪碧,4
最爱,4
庆祝,4
不厌,4
一万,4
保姆式,4
菜式,4
一口,4
订票,4
不动,4
极限,4
玩遍,4
发票,4
作业,4
庭院,4
忘带,4
延续,4
四星级,4
一声,4
火腿,4
神兽,4
哭闹,4
隐私,4
最初,4
又续,4
快来,4
上上下下,4
幸福感,4
tracy,4
佩戴,4
门锁,4
柔软,4
最坑,4
破损,4
友情,4
售票,4
幼儿园,4
讨厌,4
最小,4
安逸,4
双早,4
唯美,4
难免,4
心细,4
滑道,4
下山,4
保洁员,4
解说,4
四五个,4
极慢,4
得来,4
视而不见,4
噪杂,4
极少,4
噩梦,4
接待工作,4
喧闹,4
营玩,4
保暖,4
变相,4
店家,4
叠小,4
嘱咐,4
一人带,4
一体化,4
落实,4
嘉佩乐,4
落后,4
玩过来,4
应急,4
喝茶,4
一副,4
不仅如此,4
上订,4
蓝天白云,4
问要,4
阮人,4
提个,4
一分钟,4
四岁,4
雨伞,4
游泳衣,4
规则,4
心意,4
取景,4
运送,4
不佳,4
一个个,4
徒有虚名,4
不低,4
心态,4
床边,4
喝杯,4
床铺,4
规范,4
碰见,4
不差,4
缩水,4
logo,4
睡懒觉,4
常规,4
清补凉,4
蜈支洲,4
诚信,4
试问,4
恐怖,4
开开心心,4
三人,4
服务行业,4
品味,4
总能,4
out,4
渠道,4
各式各样,4
暴多人,4
品尝,4
泱泱,4
三分,4
推车,4
推进器,4
三四个,4
卫浴,4
吃食,4
地巾,4
不过关,4
品种齐全,4
不近,4
往年,4
龙头,4
着重,4
安全性,4
单人,4
待客,4
芬达,4
返程,4
合格,4
错误,4
不香,4
maiya,4
没车,4
1288,4
点钟,4
第一家,4
恩耀,4
陈景秀,4
单调,4
泳圈,4
不适,4
卖东西,4
靠窗,4
120,4
票务,4
最值,4
很无语,4
不来,4
推送,4
开到,4
一对,4
有缘,4
困扰,4
不易,4
怀着,4
怀疑,4
体感,4
sunny,4
很杂,4
三遍,4
茶水,4
茶点,4
要排,4
草莓,4
最为,4
因素,4
不愿,4
点去,4
注册,4
三顿,4
原地,4
show,4
评分,4
神秘,4
探索,4
朋友圈,4
随身,4
来会,4
印度,4
接通,4
一尘不染,4
不缺,4
三大,4
干爽,4
样样,4
附加,4
设计师,4
更改,4
温和,4
花费,4
平安夜,4
波塞冬,4
提现,4
要命,4
年代,4
讲话,4
吃不完,4
格调,4
偷笑,4
中有,4
人会少,4
抢到,4
疯玩,4
跑过来,4
太火,4
联名,4
小小,4
断电,4
冬季,4
太有,4
联络,4
冰柜,4
投入,4
抓住,4
物价,4
气质,4
冲洗,4
越大,4
新奇,4
冲突,4
传统,4
通往,4
新年礼物,4
新开,4
海岛,4
客户服务,4
逊色,4
小宝,4
INA,4
水壶,4
骇浪,4
耗时,4
Beck,4
Bella,4
失效,4
小儿子,4
Bonnie,4
人文,4
路过,4
小型,4
水母,4
内饰,4
略贵,4
婴儿车,4
报告,4
人好,4
这才,4
适宜,4
再加,4
人多时,4
DAVIS,4
职业,4
逃离,4
DJ,4
马路,4
毯子,4
繁琐,4
过分,4
凡事,4
二晚,4
起飞,4
大雨,4
打仗,4
打了个,4
二小,4
二宝,4
大集,4
盛名,4
起步价,4
小车,4
盛宴,4
大赞,4
二十分钟,4
偏好,4
大而,4
大美女,4
Mini,4
大牌,4
精品,4
偏向,4
分到,4
Nichole,4
无序,4
乳胶,4
偏少,4
大龄,4
冷餐,4
遗失,4
首推,4
小气,4
超负荷,4
Iris,4
天都,4
羊排,4
通风,4
亚美,4
Jenny,4
小点,4
Jeremy,4
伤心,4
小狗,4
几十块,4
几千,4
方法,4
造浪,4
小红书,4
紧凑,4
索菲特,4
胜地,4
Lena,4
道具,4
小董,4
小象,4
验证,4
踏进,4
赶到,4
价高,4
活力,4
价格昂贵,4
生病,4
魔鬼,4
生硬,4
结账,4
指示牌,4
好歹,4
魅力,4
麦海娥,4
没人接,4
洗手池,4
连个,4
指定,4
好心,4
停留,4
软硬,4
好奇,4
51,4
以下几点,4
令人难忘,4
高考,4
收走,4
用过,4
连接,4
好用,4
王牌,4
好坏,4
支付宝,4
没换,4
边际,4
换上,4
瓶装,4
进园,4
捂脸,4
偶遇,4
妥妥当当,4
优良,4
优惠活动,4
洗澡水,4
络绎不绝,4
美眉,4
33,4
家具,4
充分体现,4
好闻,4
优先权,4
玛特,4
进进出出,4
鱿鱼,4
健康,4
先到,4
挑选,4
远眺,4
王学芳,4
娃来,4
兴趣,4
池子,4
放进,4
AHAVA,4
政府,4
男士,4
男朋友,4
拉满,4
六星,4
拉开,4
对象,4
画上,4
送上来,4
骚味,4
老铁,4
App,4
送入,4
封控,4
关机,4
将来,4
骑马,4
人生,4
担当,4
骑士,4
人潮,4
纸质,4
失误,4
退掉,4
女人,4
改正,4
公司,4
经典,4
全含,4
拼盘,4
全套,4
付款,4
70,4
流量,4
全屋,4
迪斯尼,4
电影院,4
全点,4
他会,4
全貌,4
好不容易,4
招牌菜,4
2021,4
招待所,4
放开,4
从头到尾,4
女生,4
女朋友,4
独立营,4
停不下来,4
老年人,4
女孩子,4
脏东西,4
太强,4
屋子,4
管理员,4
别来,4
日程,4
赞不绝口,4
但胜,4
展示,4
夜晚,4
制作,4
脸进,4
省力,4
属性,4
脾气好,4
多钱,4
刷卡,4
罗小菊,4
管家人,4
刷脸,4
日本,4
Simon,4
位子,4
无视,4
相对来说,4
走来走去,4
无线,4
房源,4
大失所望,4
大声,4
刚过,4
爆炸,4
赞赏,4
飞虫,4
过段时间,4
乘坐,4
大名,4
大半夜,4
Sharry,4
乌泱,4
资深,4
看个,4
食欲,4
自有,4
自取,4
自备,4
歌舞,4
Vivian,4
巨型,4
款待,4
算上,4
办事,4
贵在,4
插队,4
时时刻刻,4
酒店业,4
中饭,4
时送,4
中肯,4
功课,4
Vikey,4
剧情,4
Tammy,4
时不时,4
我心,4
久闻大名,4
岗位,4
我带,4
前住,4
看中,4
都行,4
前去,4
玩沙,4
Tina,4
我发,4
前年,4
前所未有,4
前有,4
多才,4
看图,4
班次,4
多一点,4
海里,4
分离,4
无所谓,4
就别,4
段时间,4
脏兮兮,4
直播间,4
直达,4
直播,4
尤为,4
偏僻,4
所住,4
粉色,4
candy,3
哈根达斯,3
nancy,3
随问,3
Melon,3
寓意,3
清爽,3
call,3
开发票,3
浅水,3
老小,3
精细,3
美其名曰,3
来办,3
高区,3
多花,3
巴哈马,3
800,3
淘气堡,3
女服务员,3
次刷水,3
靠着,3
细语,3
娱乐性,3
好久好久,3
150,3
少年,3
寒潮,3
高点,3
好听,3
空位,3
高楼,3
好加,3
开学,3
老化,3
黄金,3
大礼包,3
品控,3
没看,3
来个,3
汽水,3
随行,3
好久没,3
多来,3
寒酸,3
122cm,3
1500,3
666,3
多样化,3
好会,3
岸上,3
好事,3
宝妈,3
蛮多,3
滞后,3
空着,3
一家老小,3
土豪,3
建设,3
黄码,3
至极,3
1.8,3
水龙头,3
延住,3
沿海,3
山景,3
一同,3
蔬菜,3
MIA,3
婆婆,3
MAIYA,3
啪啪,3
寻找,3
奉劝,3
一博,3
难以置信,3
导向,3
奈何,3
奇高,3
一包,3
婚礼,3
Alvina,3
难受,3
穿鞋,3
一刹那,3
预售,3
杨雨墨,3
难听,3
奇幻,3
缩短,3
对话,3
每间房,3
对此,3
蛮高,3
地带,3
哪来,3
88,3
小鱼,3
高出,3
小食,3
虚高,3
90cm,3
浑身,3
欠佳,3
大胆,3
售卖,3
售后,3
Abby,3
每间,3
蘑菇,3
套间,3
橘子,3
高价,3
求助,3
唱歌,3
一处,3
AMY,3
浓郁,3
一块儿,3
洁具,3
隔开,3
chen,3
Monica,3
鼻子,3
洪英梅,3
颜值,3
3300,3
如沐春风,3
精修,3
杂技表演,3
美轮美奂,3
一生,3
杂物,3
洗手液,3
秩序井然,3
358,3
第一步,3
美味可口,3
呕吐,3
一点多,3
一点半,3
款式,3
弟弟,3
lief,3
李中兰,3
多到,3
满眼,3
歉意,3
多半,3
好贵,3
一波三折,3
3888,3
频繁,3
.....,3
帮着,3
Wu,3
桑拿,3
lilian,3
欺负,3
美声,3
科技,3
鸡饭,3
院子,3
科普,3
没拿到,3
大楼,3
姓名,3
2888,3
吴兵,3
一程,3
多为,3
一秒,3
害羞,3
租用,3
张欣宇,3
清清楚楚,3
298,3
多余,3
一目了然,3
美哉,3
吸引力,3
节省时间,3
粤菜,3
洗澡时,3
实施,3
2500,3
好美,3
外表,3
综合性,3
大浪,3
anna,3
一提,3
没个,3
寄给,3
高质量,3
好好学习,3
工人,3
沙滩车,3
5088,3
满意哦,3
差得,3
简约,3
咖啡吧,3
缘分,3
精品店,3
巡视,3
欢乐谷,3
开玩笑,3
高素质,3
膝盖,3
满怀,3
Tracy,3
稍稍,3
密集,3
客服部,3
Tory,3
流动,3
brandon,3
Amelia,3
正宗,3
自信,3
andrew,3
41,3
周年,3
Nana,3
引入,3
餐券,3
行来,3
lvy,3
一模一样,3
外省,3
餐都,3
行李车,3
多大,3
地狱,3
涌动,3
正午,3
第一排,3
自觉,3
每天晚上,3
呵护,3
外形,3
自动化,3
一枚,3
自制,3
行业,3
李小姐,3
梁越,3
好找,3
49,3
寄存处,3
骗人,3
夸赞,3
小钟,3
毕业,3
大半天,3
带入,3
Shady,3
莫名,3
Galen,3
幻想,3
海参,3
气愤,3
消耗,3
Gordon,3
大叔,3
太坑,3
页面,3
美不胜收,3
粉面,3
tips,3
楚楚,3
第五次,3
霉斑,3
在乎,3
130,3
大型项目,3
核心,3
坐飞机,3
干湿,3
露台,3
海鲜店,3
韭菜,3
JW,3
海南岛,3
在家,3
塑料,3
注入,3
端午,3
回味无穷,3
联系方式,3
舒畅,3
太暖心,3
脱落,3
yedda,3
EMILY,3
回头客,3
大包,3
莱德,3
Eddie,3
wx,3
happyhour,3
肉眼,3
水上运动,3
顶层,3
莫过于,3
太挤,3
vivi,3
聚集,3
Elieen,3
香蕉,3
海内外,3
洁癖,3
大半个,3
广东,3
红疹,3
缺什么,3
歧视,3
浴盆,3
缺憾,3
国家,3
温德姆,3
标的,3
海洋公园,3
平板,3
标间,3
天地,3
带孩,3
没电,3
Ramsay,3
饮用,3
栏杆,3
小美,3
棠岸,3
韩国,3
天公不作美,3
绩效,3
注意安全,3
胜过,3
干预,3
小费,3
小胡,3
黑心,3
Leon,3
小贴士,3
就订,3
注明,3
Paddy,3
Levi,3
比赛,3
小童,3
嬉水,3
比长,3
查找,3
天热,3
street,3
天津,3
Ricky,3
园林,3
大风,3
胶囊,3
混杂,3
Jorche,3
so,3
小爱,3
尽享,3
年夜饭,3
国人,3
天晴,3
胆小,3
天才,3
天房,3
垫子,3
大好,3
累死,3
年初,3
霹雳,3
围着,3
天差地别,3
小田,3
黑漆漆,3
米亚,3
带位,3
细则,3
竞争力,3
风范,3
面盆,3
够不够,3
底部,3
小事,3
须知,3
失而复得,3
emily,3
场馆,3
营里,3
顺手,3
窝心,3
底层,3
比上,3
水管,3
水疗,3
小住,3
正逢,3
Blunt,3
难看,3
游行,3
耳朵,3
游荡,3
顺带,3
太香,3
应接不暇,3
居多,3
消防演习,3
纳闷,3
夜间,3
根本无法,3
Sweety,3
多高,3
喝个,3
安抚,3
涉及,3
度假型,3
喝完,3
湿掉,3
Asa,3
喝水,3
模糊,3
喝点,3
饭菜,3
夸一夸,3
庞大,3
线上,3
de,3
夜宵,3
noah,3
油然而生,3
正直,3
浪池,3
头牌,3
店铺,3
尊享,3
尊贵,3
头天,3
尊重,3
清水湾,3
店内,3
四人,3
比仁恒,3
脸上,3
Sonia,3
职员,3
楼用,3
一两天,3
极速,3
Daniel,3
太紧,3
太窄,3
David,3
一两个,3
层有,3
完事,3
油条,3
一上午,3
第一件,3
游泳圈,3
游来游去,3
黄色,3
床位费,3
床上用品,3
水压,3
脸入园,3
大儿子,3
太热,3
Dragon,3
林先生,3
没玩到,3
林妮,3
楼有,3
太漂亮,3
境界,3
萌趣,3
四张,3
墙面,3
应付,3
完全符合,3
太闹,3
fairy,3
就会,3
清新,3
大战,3
楼管,3
水果盘,3
一个劲,3
大于,3
增值,3
游泳裤,3
驳车,3
浴帽,3
水杯,3
床栏,3
集贸市场,3
没玩上,3
墙裂,3
Crystal,3
大些,3
墙上,3
床头柜,3
gina,3
就值,3
四年,3
太脏,3
场次,3
依云,3
照应,3
看头,3
一箱,3
贵点,3
主厨,3
照样,3
时人,3
久负盛名,3
资格,3
资源,3
之处,3
早定,3
看不出,3
制止,3
之夜,3
赘述,3
到极点,3
到来,3
我能,3
熟成,3
日餐,3
日落,3
日程安排,3
省事,3
截止,3
看大,3
为数不多,3
日出日落,3
看好,3
慎重考虑,3
中好,3
明码标价,3
加收,3
看法,3
质素,3
加分,3
明宇,3
憧憬,3
看护,3
懂得,3
中要,3
时效,3
成功,3
贴士,3
成就感,3
力度,3
临海,3
贴着,3
临行,3
配给,3
煎饼果子,3
时常,3
戴森,3
既有,3
加费,3
爱看,3
直升飞机,3
予以,3
分为,3
目的地,3
父母亲,3
事后,3
出风口,3
目测,3
事实,3
出错,3
目前为止,3
邂逅,3
无功,3
二人,3
手礼,3
无关,3
无与伦比,3
手表,3
出彩,3
出奇,3
出头,3
手霜,3
出口,3
直呼,3
分量,3
乐此不疲,3
乱乱的,3
利益,3
利用,3
无障碍,3
无过,3
相聚,3
乘车,3
走后,3
相机,3
刚来,3
九点半,3
书上,3
刚住,3
相差,3
无法忍受,3
买买,3
买好,3
房间数,3
爱好者,3
相互,3
买点,3
直面,3
直通,3
无数,3
慎重,3
慌乱,3
二夜,3
恼火,3
与众不同,3
悉心照料,3
专享,3
智商,3
语音,3
世界各地,3
误导,3
情人节,3
情愿,3
眼见,3
业务水平,3
丛晓然,3
烟熏,3
景象,3
眼界,3
景美,3
景房,3
升到,3
丢掉,3
眼球,3
说句,3
晚睡,3
说白了,3
悄悄,3
恶臭,3
十星,3
睡一觉,3
长裤,3
即时,3
不腻,3
不舍,3
总得,3
总得来说,3
暴赞,3
卢海飞,3
暴晒,3
识别,3
不该,3
不贵,3
占地面积,3
长住,3
暖气,3
诚挚,3
南京,3
镜头,3
诟病,3
不送,3
不需,3
详尽,3
睡不着,3
想吐槽,3
真香,3
星光,3
北方,3
北上,3
感叹,3
化妆,3
谢谢您,3
谨慎,3
真多,3
包小包,3
感慨,3
感拉满,3
映入眼帘,3
映像,3
热热闹闹,3
感染,3
感知,3
贝塔,3
星星,3
星差,3
感觉不好,3
个性,3
动物园,3
感超棒,3
动作,3
责任,3
真得,3
两把,3
两份,3
感兴趣,3
烦恼,3
两公里,3
想带,3
想念,3
两到,3
晚换,3
请假,3
两口,3
晚一点,3
十几个,3
诺大,3
两块,3
钥匙,3
两处,3
两套,3
晒黑,3
意大利,3
意想不到,3
晒衣架,3
意面,3
医药费,3
两层,3
两岁,3
旅馆,3
旅游胜地,3
不相上下,3
价格不菲,3
价格合理,3
载客,3
休息区,3
先住,3
王艳艳,3
远不如,3
充斥,3
优化,3
挺值,3
元素,3
摸索,3
甜蜜,3
甜甜的,3
优选,3
摩托艇,3
摧残,3
瓷砖,3
瓶装水,3
边缘,3
摔倒,3
储物柜,3
傍边,3
玩住,3
用不上,3
用到,3
摇摆,3
王森,3
电子版,3
迟迟,3
改观,3
改签,3
由衷,3
拿出,3
全价,3
全世界,3
代步车,3
入门,3
转运,3
改变,3
甩娃,3
轮椅,3
入座,3
改了,3
入内,3
收钱,3
用车,3
挂钩,3
免费刷,3
收官,3
轰轰,3
偷偷,3
换样,3
从订,3
过节,3
俱全,3
提起,3
住久,3
迎客,3
住宿费,3
俩个,3
体检,3
接听,3
现实,3
玩过,3
运转,3
还定,3
环绕,3
近期,3
佩服,3
便餐,3
便是,3
推迟,3
推诿,3
玫瑰花,3
环保,3
推开,3
还会定,3
玻璃墙,3
排死,3
摆设,3
排挡,3
这片,3
停电,3
停止,3
停好车,3
停下,3
摆在,3
过冬,3
做成,3
掉落,3
携程网,3
做个,3
这天,3
携带,3
伤口,3
偏低,3
偌大,3
搞错,3
玩成,3
搞好,3
搞不清,3
搜索,3
这么久,3
低下,3
全满,3
放在心上,3
趁人少,3
白金,3
通透,3
冷淡,3
新年快乐,3
冷气,3
承包,3
白海豚,3
新婚,3
越办,3
通关,3
享有,3
京东,3
途中,3
足不出,3
足不出户,3
把门,3
亲们,3
亲切友好,3
亲切感,3
趾高气昂,3
新人,3
投资,3
投资人,3
亲力亲为,3
批评,3
扶手,3
亲民,3
交卡,3
旅游景点,3
旅游区,3
于欣,3
几种,3
五六次,3
牙具,3
几条,3
造诣,3
几块,3
盆友,3
几句,3
几千块,3
打着,3
打通,3
方位,3
超星,3
逛商场,3
超标,3
百香果,3
新疆,3
百看不厌,3
些许,3
扫码,3
物资,3
疲劳,3
放弃,3
人真,3
人脸,3
狂欢,3
人要,3
救生圈,3
共计,3
共享,3
故障,3
仁恒住,3
退订,3
故事,3
男生,3
男服务员,3
车停,3
拉面,3
车库,3
放进去,3
放空,3
公区,3
公分,3
放暑假,3
放手,3
拖家带口,3
追问,3
教学,3
担忧,3
斜对面,3
犹如,3
文旅,3
逊不香,3
再选,3
选项,3
再要,3
敷衍了事,3
再带,3
再大点,3
报修,3
人少点,3
报太大,3
特此,3
人手不足,3
数字,3
送行,3
抱怨,3
人暴,3
留恋,3
人比,3
踏实,3
踏浪,3
状况,3
留在,3
设立,3
挺棒,3
叮嘱,3
同步,3
发展,3
必回,3
发放,3
发来,3
发火,3
发烧,3
不冷,3
碗面,3
订到,3
心理准备,3
取个,3
不信,3
警报,3
心情舒畅,3
最高层,3
彬彬有礼,3
影子,3
离着,3
不介意,3
往前,3
不严,3
万事如意,3
碾压,3
变动,3
待人,3
很久,3
合影,3
磕破,3
磨破,3
最爱水,3
漱口水,3
合十,3
发呆,3
门庭若市,3
不戴,3
漫步,3
名符其实,3
一锅,3
不快,3
参差不齐,3
门禁,3
训练,3
最合适,3
名声,3
及水,3
秀扬,3
门面,3
双十,3
闭餐,3
不夜城,3
最新,3
问到,3
名义,3
一问,3
不堪,3
忍住,3
名不符实,3
不在乎,3
最烂,3
必答,3
发个,3
漫长,3
微笑服务,3
下班时间,3
演艺,3
叫个,3
灯展,3
台面,3
台阶,3
上能,3
要订,3
叫车,3
防护,3
有效率,3
上班时间,3
见面礼,3
可选,3
可谓,3
有点累,3
很火,3
很甜,3
上会,3
见过,3
要选,3
上心,3
上前,3
上当,3
上帝,3
祝愿,3
很累,3
上岸,3
可怕,3
上吐下泻,3
阳康,3
祖国,3
阶段,3
徐立,3
澡堂子,3
阮帮,3
各色,3
解决不了,3
炒作,3
微信里,3
澳门,3
礼仪,3
各有特色,3
闹心,3
西瓜,3
很凉,3
各大,3
各个部门,3
灿烂,3
服务台,3
要个,3
有太多,3
陆仪,3
视觉效果,3
吃玩,3
视感,3
下层,3
只定,3
吃不下,3
得以,3
火柴,3
下个,3
阻止,3
要定,3
只订,3
后人,3
可想而知,3
原先,3
本土,3
厨神,3
厨房,3
设在,3
一辆,3
压抑,3
含早,3
更要,3
不爱,3
一跃,3
性格,3
门前,3
当之无愧,3
怀念,3
限流,3
态度恶劣,3
讲究,3
门内,3
一觉,3
许明玲,3
一览无遗,3
一览,3
替换,3
怠慢,3
性质,3
听得,3
念念不忘,3
不玩,3
抹布,2
留连忘返,2
漂点,2
神速,2
留给,2
散落,2
留点,2
强迫,2
留念,2
开园,2
水缸,2
推着,2
玩美,2
激情,2
朋友家,2
犯人,2
留好,2
张文婷,2
玲玲,2
小东西,2
泰国,2
宝贝女儿,2
敞开,2
扣分,2
空房间,2
抽烟,2
披着,2
很感兴趣,2
有风,2
开口,2
小女儿,2
敲门声,2
激流勇进,2
来修,2
水深,2
特色小吃,2
水渍,2
水滑梯,2
注定,2
纱布,2
水漫金山,2
激活,2
弱点,2
报道,2
披个,2
小到,2
接单,2
浮圈,2
留出,2
教训,2
抽空,2
玩爽,2
绿码,2
漏洞,2
浪得虚名,2
来时,2
故事情节,2
强迫症,2
细心地,2
画质,2
推介,2
禁止,2
水饺,2
玩游戏,2
男票,2
绳子,2
拉斯维加斯,2
满地,2
托迈,2
排过,2
澡后,2
男性,2
李雨婷,2
空中,2
敏感,2
略远,2
空余,2
抽纸,2
满员,2
提示牌,2
线板,2
很勤,2
实事求是,2
组团,2
滴管,2
封城前,2
担担面,2
激光,2
开好,2
新旧,2
排骨,2
拇指,2
拉上,2
救护,2
拉个,2
排风,2
畅通,2
狠狠心,2
特惠,2
整套,2
控好,2
强制性,2
技巧,2
小床,2
来娃,2
定错,2
登机,2
小年,2
神仙,2
建了,2
神器,2
张翰源,2
新加坡,2
新房,2
火龙果,2
红花,2
接过,2
水上公园,2
沿路,2
很浓,2
机械,2
抓紧时间,2
很正,2
很欢,2
红烧肉,2
泡沫,2
宝妈们,2
来往,2
宜人,2
海岸,2
红包,2
牛腩,2
强力,2
强多,2
有点像,2
海域,2
海在,2
很灵,2
海和水,2
白粥,2
机构,2
漂和秀扬,2
红烧,2
白来,2
承认,2
租个,2
来得,2
很满,2
气球,2
有礼,2
强太多,2
波拉,2
水土不服,2
空无一人,2
浴服,2
开发,2
疏导,2
文华,2
文件,2
朴素,2
接应,2
男人,2
整治,2
整改,2
护照,2
机油,2
水幕,2
宝爸,2
执行力,2
护理,2
水晶,2
有过之而无不及,2
扣掉,2
特快,2
牛肉面,2
疑似,2
提下,2
空旷,2
火箭,2
新买,2
开个,2
空气清新,2
红酒,2
牵强,2
接待量,2
特产,2
约定,2
泡水,2
疲倦,2
强推,2
很替,2
抛去,2
张秀荣,2
提及,2
特别之处,2
扫脸,2
水及,2
文昌,2
提取,2
特定,2
换气,2
汇报,2
没玩成,2
客宾,2
玩得够,2
搬走,2
生动,2
球池,2
洗脸池,2
振爱,2
洗脸,2
家属,2
撑死,2
生冷,2
家小,2
给钱,2
洗簌,2
绚丽,2
绚烂,2
当地人,2
未必,2
权利,2
李增越,2
玩一,2
挺好吃,2
张元美,2
王道,2
没多久,2
王萌萌,2
没管,2
称呼,2
生生世世,2
收个,2
挡不住,2
擦拭,2
宽敝,2
实话,2
王者,2
未免,2
宽广,2
弄错,2
排到,2
生意兴隆,2
班机,2
当做,2
容容,2
没吃够,2
洒店,2
当初,2
没睡,2
洗面奶,2
挪到,2
没定,2
甜食,2
没关系,2
洗澡间,2
张云鹏,2
摊贩,2
摆上去,2
秀票,2
当年,2
洗发液,2
掉价,2
摊档,2
摊位,2
洗手盆,2
李会芳,2
李代鸿,2
引领到,2
换换,2
掉下来,2
换来,2
未能,2
授权,2
摆着,2
换装,2
绝好,2
摆好,2
洗手,2
玩会,2
洗液,2
积极响应,2
室内空间,2
弊端,2
理所当然,2
当家人,2
挺累,2
摸摸,2
宰客,2
没影,2
李咏熙,2
称之为,2
摩托,2
玩大,2
摔跤,2
没想,2
称为,2
李卓乘,2
录像,2
绝大部分,2
捆绑,2
宣传册,2
损坏,2
损失,2
未知,2
没准,2
宽阔,2
拍下来,2
王君,2
电池,2
终点,2
寝具,2
招聘,2
电暖器,2
往外,2
拦住,2
寒颤,2
电工,2
开窗,2
攻击,2
开端,2
污染,2
拨打,2
李正婉,2
汪波,2
拿上去,2
终身难忘,2
往回,2
玩海,2
改版,2
富裕,2
离得,2
玻璃缸,2
电源,2
浇花,2
池是,2
放飞,2
拍个,2
排着,2
电车,2
福源,2
权限,2
电视节目,2
独有,2
李阳,2
放着,2
放水,2
潜都,2
满心,2
续房,2
排满,2
待命,2
拔高,2
李玉翠,2
离奇,2
电瓶,2
测体温,2
插头,2
实拍,2
排查,2
木瓜,2
开裂,2
经理人,2
密封,2
收纳,2
沟通交流,2
收盘,2
收益,2
搞个,2
收摊,2
收尾,2
期盼,2
称重,2
没人会,2
弄伤,2
木木,2
寄出,2
杂牌,2
结婚证,2
没人来,2
指点,2
用个,2
指着,2
形状,2
李婧婧,2
密度,2
期待值,2
归还给,2
归功于,2
汽油味,2
潜水服,2
往下,2
潜水员,2
本月,2
田良,2
拿房,2
程序,2
朝西,2
朝阳,2
改为,2
王平,2
满星,2
很脏,2
稀饭,2
杂乱无章,2
用语,2
挂牌,2
实景,2
秀和水,2
用户,2
归属感,2
异响,2
怨声载道,2
新颖,2
春雨,2
榜首,2
显旧,2
热忱,2
是非,2
模样,2
真心话,2
忘却,2
果篮,2
忍着,2
昨晚,2
淡淡的,2
市区,2
答案,2
深夜,2
真大,2
答非所问,2
最有,2
最气,2
硬菜,2
感差,2
春节前夕,2
巴厘岛,2
感情,2
签收,2
已有,2
热点,2
深处,2
显眼,2
并发,2
最多住,2
温情,2
矿泉水瓶,2
第四天,2
烦躁,2
最具,2
码头,2
晚场,2
愉乐,2
帝斯,2
破坏,2
烫伤,2
温欣,2
帝国,2
忙乱,2
破旧,2
深得,2
意料,2
忙而不乱,2
晒衣服,2
帐篷,2
概念,2
热带植物,2
概括,2
热度,2
感人,2
温泉,2
已久,2
林立,2
最热,2
成员,2
心满意足,2
碧海,2
差不太多,2
巨贵,2
巨美,2
床头灯,2
涨得,2
焦虑,2
巨慢,2
童话,2
成份,2
最远,2
成品,2
淋着,2
润肤露,2
成年人,2
点中,2
止泻药,2
时才,2
心思,2
正佳,2
左转,2
涛声,2
左侧,2
床脚,2
算个,2
碧水,2
欧美,2
明晚,2
看点,2
真不容易,2
星是,2
必应,2
星巴克,2
点关,2
欢喜,2
床下,2
看管,2
最破,2
差差,2
差太远,2
必刷,2
欢送,2
星人,2
慎选,2
童趣,2
最舒服,2
必侬,2
热醒,2
床够,2
欣然,2
最豪,2
看秀,2
差乱,2
慢下来,2
带你去,2
矿水,2
看得,2
短板,2
更本,2
干不了,2
更添,2
更爽,2
恐惧,2
暖意,2
常温,2
平添,2
恒仁,2
点开,2
标房,2
清蒸,2
恢复正常,2
第一位,2
恢弘,2
睡好,2
暂停,2
标志性,2
睡前,2
平衡,2
睡个,2
短短的,2
怡人,2
更胜一筹,2
桌面,2
第一点,2
暖风,2
睡醒,2
并不知道,2
干燥,2
平均,2
温声,2
树林,2
点有,2
平和,2
点收,2
更差,2
更佳,2
知名度,2
标配,2
平庸,2
暴露,2
总归,2
总要,2
平心而论,2
平方,2
标识牌,2
干活,2
标记,2
平淡无奇,2
督促,2
干式,2
总类,2
总统,2
核算,2
核销,2
帮提,2
档口,2
思思,2
普普通通,2
带有,2
眼疾手快,2
添堵,2
更赞,2
查查,2
棚子,2
带小盆友,2
烤肉,2
石颖,2
第二点,2
带娃必,2
烤肠,2
惨不忍睹,2
更能,2
晚霞,2
眼光,2
笑脸相迎,2
晚班,2
带回家,2
眺望,2
真高,2
第六,2
深深,2
带动,2
并不多,2
念头,2
眼看,2
添置,2
第二个,2
年迈,2
智者见智,2
烂掉,2
清淡,2
梁梅玲,2
烈日,2
悦榕庄,2
查验,2
着凉,2
第七,2
态度强硬,2
第三位,2
情商,2
笔芯,2
晶多,2
第三家,2
情有独钟,2
检修,2
带进去,2
第三年,2
带路,2
情调,2
烟消云散,2
第三方,2
更让人,2
惊叹,2
心念,2
成都,2
新风,2
灯罩,2
无头,2
度假村,2
精准,2
松软,2
徒步,2
突如其来,2
海螺,2
湿漉漉,2
目标,2
湿透,2
无味,2
少点,2
杭州,2
手指,2
手环,2
每家,2
爷爷奶奶,2
精神饱满,2
手画,2
海草,2
有房,2
海神庙,2
无休,2
溜溜,2
小院,2
有所改进,2
盲盒,2
海豹,2
有始有终,2
手中,2
湾里,2
就定,2
无时无刻,2
就可以看,2
殷勤,2
得当,2
灰鲸,2
度个,2
有带,2
毅然,2
板床,2
手上,2
爱答不理,2
尖叫声,2
粗心,2
手册,2
爱苗,2
无愧于,2
灰常,2
粘着,2
尚未,2
尚有,2
得体,2
海购,2
手忙脚乱,2
手持,2
目不暇接,2
糊弄人,2
每顿,2
比较严重,2
很足,2
施工,2
索性,2
牛年,2
牛得,2
海浪声,2
溺水,2
打死,2
打水仗,2
方正,2
打消,2
滋味,2
比较完善,2
有损,2
打烊,2
皱着眉头,2
牛排馆,2
比较顺利,2
打破,2
打脸,2
牛气,2
皮筏,2
小猪,2
来来往往,2
皮圈,2
新鲜感,2
素食,2
牙膏,2
穿行,2
小肖,2
座椅,2
小酒,2
小酌,2
溢价,2
每餐,2
旗下,2
很齐,2
盛名之下,2
比例,2
打包带,2
糖水,2
溢出,2
糟心,2
打发,2
盖板,2
比刚,2
盖子,2
平安,2
旅来,2
海滨,2
旅文,2
海湾,2
旅店,2
旅住,2
有数,2
相处,2
海面,2
工程,2
我查,2
岛上,2
岁数,2
早有,2
极快,2
看不起,2
看不见,2
管控,2
有余,2
正式,2
正当,2
看不出来,2
有加,2
炒菜,2
早闻,2
消食,2
我点,2
我用,2
我省,2
立场,2
有史以来,2
屏幕,2
消除,2
正视,2
窗边,2
早到,2
有吃有喝,2
管够,2
正对着,2
残疾人,2
我俩,2
最高级,2
工作量,2
成长,2
正合适,2
算多,2
心安,2
心头,2
工作失误,2
时帮,2
极期,2
照常,2
时去,2
巡游,2
我开,2
算大,2
算得,2
碳酸,2
炒鸡,2
看吧,2
心在,2
看似,2
正对海,2
我大,2
岸边,2
看会,2
心动,2
极小,2
省钱,2
正赶上,2
死海,2
相符,2
步行街,2
尽有,2
无赖,2
海鳗,2
炎炎夏日,2
武琦,2
无话,2
尽头,2
房是,2
店员,2
极其丰富,2
房有,2
我进,2
尽全力,2
无线网,2
房给,2
死贵,2
死难,2
有太高,2
游过,2
有失,2
爱上,2
粉红,2
礼包,2
有好有坏,2
相约,2
消毒水,2
米粥,2
消灭,2
我通,2
我门,2
底蕴,2
戒指,2
有名气,2
相邻,2
管管,2
戴眼镜,2
此事,2
极地,2
管饱,2
户口,2
无非,2
微信发,2
有多差,2
房到,2
局限,2
尿点,2
爆发,2
房后,2
相见,2
炎热,2
尾巴,2
循环,2
米粉,2
科学,2
泛臭,2
入口处,2
占用,2
三趟,2
三线,2
占领,2
试一下,2
阶级,2
卡到,2
卫生状况,2
评估,2
印泥,2
评为,2
附加值,2
设有,2
厅办,2
设定,2
压轴,2
附带,2
附赠,2
厕纸,2
陆先生,2
厘米,2
三四十,2
原图,2
原定,2
占线,2
阴霾,2
讲清楚,2
南下,2
阮莹,2
防护栏,2
上有老下有小,2
半边,2
防蚊,2
误入,2
语言,2
协议,2
单个,2
单买,2
单从,2
单价,2
阳光明媚,2
详情,2
单子,2
上学,2
上千人,2
阳面,2
上人,2
阴影,2
单面,2
单项,2
卖房,2
三只,2
陈光会,2
阮给,2
陈美,2
双龙,2
反印后,2
认真对待,2
七七,2
反差,2
反应速度,2
反弹,2
反感,2
陈设,2
反驳,2
发些,2
一餐,2
一项,2
发抖,2
一阵,2
订满,2
发现自己,2
一闪,2
发自内心,2
一道,2
降价,2
订完,2
一辈子,2
认真细致,2
认知,2
三分钟,2
陈经理,2
陈女士,2
三倍,2
记录,2
三亚机场,2
陈小飘,2
去往,2
去查,2
陈晓家,2
万平方米,2
记不住,2
记下,2
又定,2
万多,2
训练有素,2
训斥,2
万元,2
让你在,2
讨饭,2
陈柏先,2
陈洁,2
陈漂,2
双台,2
陈积,2
半年,2
说一说,2
费力,2
功能区,2
不定期,2
质量上乘,2
加好,2
加完,2
不如人意,2
不失,2
加水,2
加点,2
闭眼,2
败笔,2
加送,2
不太值,2
不太会,2
财大气粗,2
不多且,2
不在意,2
动静,2
助推器,2
势力,2
豫园,2
不周到,2
不周,2
勇敢,2
加一点,2
门票价格,2
不合,2
办到,2
前天,2
不洁,2
前方,2
不是太好,2
前期,2
前灯,2
门卡,2
不敢相信,2
剧本,2
贵和人,2
剩食,2
不接,2
剪刀,2
门庭冷落,2
门拉,2
力不从心,2
力推,2
力气,2
不愁,2
劝退,2
劝阻,2
贴切,2
办公,2
不含糊,2
勾兑,2
半岁,2
请原谅,2
闹市,2
十多,2
下楼去,2
下旬,2
说起,2
下方,2
十月,2
说法,2
闹腾,2
下手,2
下意识,2
千一晚,2
闻到,2
说完,2
下图,2
闻所未闻,2
升房券,2
午休,2
说不过来,2
下不来,2
午觉,2
半分钟,2
半到,2
说错,2
下边,2
包了,2
闲逛,2
包包,2
不可思议,2
不及,2
不分,2
匆匆忙忙,2
谢意,2
谢小君,2
北侧,2
问能,2
不像话,2
不值一提,2
不便,2
问长问短,2
问题解答,2
不为过,2
十一点半,2
十万,2
不一会,2
谁家,2
下雨天,2
十二岁,2
十五分钟,2
闲适,2
一辆车,2
降级,2
计较,2
补齐,2
一个床,2
难题,2
吧台,2
补足,2
含餐,2
一两百,2
补水,2
听海,2
听涛,2
补救,2
补差,2
雨天,2
一万多,2
雨水,2
吴祥妹,2
一万个,2
吵架,2
zoe,2
吵闹声,2
吸烟,2
告之,2
告示,2
员到,2
难闻,2
向导,2
呜呜,2
一串,2
被褥,2
一千个,2
一刻,2
一切都在,2
同款,2
一分钱,2
难处,2
名单,2
名片,2
被动,2
一刀切,2
一出,2
名称,2
一再,2
名额,2
后加,2
一入,2
后海,2
一体式,2
难度,2
一众,2
后顾之忧,2
表示歉意,2
员工素质,2
周三,2
叔叔,2
咸点,2
蛮快,2
蛮大,2
蛙人,2
room,2
响亮,2
响应速度,2
响当当,2
静静的,2
poss,2
哨子,2
虽贵,2
虽短,2
哪家,2
哪有,2
虽多,2
pop,2
pool,2
哪间,2
非你莫属,2
pass,2
非常低,2
商务酒店,2
商区,2
青蟹,2
霸占,2
周丹,2
咨询服务,2
周五,2
周年纪念,2
周明运,2
零点,2
wu,2
味蕾,2
行李架,2
呵斥,2
william,2
呼叫,2
呼吸,2
wifi,2
呼呼,2
和丽思,2
vivian,2
需必应,2
ulick,2
蜡烛,2
咖啡厅,2
tiki,2
咖啡茶,2
咖喱鸡,2
stokke,2
被迫,2
一台,2
同名,2
视听,2
除湿机,2
只来,2
规格,2
只用,2
只顾,2
一片狼藉,2
陪感,2
叫好,2
一滩,2
叮叮当当,2
可不可以,2
见过面,2
见仁见智,2
一段路,2
一段距离,2
覆盖,2
一步步,2
一步,2
一次次,2
随传随到,2
可用,2
一月,2
一星半点,2
只到,2
另一边,2
障碍,2
视角,2
计算,2
一视同仁,2
一节课,2
取得联系,2
取用,2
言语,2
一罐,2
取车,2
一绝,2
一组,2
一等,2
受凉,2
受罪,2
变冷,2
除夕,2
一瞬间,2
一百次,2
叠成,2
角落里,2
除夕夜,2
一百天,2
觉着,2
口子,2
一星,2
可笑,2
要赞,2
可选性,2
一岁,2
各种类型,2
西冷,2
合照,2
合理安排,2
一宿,2
合算,2
合计,2
隐约,2
一大半,2
隐藏,2
一团糟,2
隔断,2
吊打,2
同一个,2
隔海相望,2
同一时间,2
装模作样,2
装扮,2
同价位,2
一周年,2
同伴,2
一听,2
一幅,2
一并,2
一应,2
吃不上,2
可选择性,2
可颂,2
一日游,2
一无是处,2
要用,2
右手边,2
一换,2
一扯,2
一扇门,2
叹为观止,2
吃吃喝喝,2
一度,2
吃惊,2
要加,2
吃腻,2
一房,2
吃过饭,2
吃酒,2
要交,2
随缘,2
一开,2
西贝贝,2
不清,2
前前后后,2
非常感激,2
过个,2
亚麻,2
迄今为止,2
停好,2
停放,2
停机坪,2
亚洲,2
健身,2
偷拍,2
催着,2
速回,2
五次,2
傲娇,2
傻眼,2
五张,2
五口,2
五千多,2
五千,2
边框,2
边有,2
逻辑,2
儿童用,2
儿童节,2
五六个,2
通通,2
交了,2
元旦假期,2
过仁恒,2
迎上来,2
修理,2
修缮,2
倒头,2
候机,2
亲情,2
递送,2
借个,2
借口,2
亮眼,2
值不值,2
亮灯,2
过才,2
假笑,2
过度,2
通卡,2
交钱,2
过大,2
做做,2
做得好,2
做足,2
通病,2
通票,2
五一节,2
兄弟,2
运作,2
事故,2
兑现,2
兑票,2
那么回事,2
兔子,2
乱飞,2
入坑,2
入房,2
乱跑,2
入手,2
入职,2
乱收费,2
全免费,2
转轮,2
转转,2
全在,2
买水,2
买来,2
那句话,2
全家老小,2
那家,2
转战,2
转完,2
转头,2
争执,2
事物,2
道谢,2
避雷,2
道路,2
辛勤,2
输出,2
二胎,2
二期,2
辆车,2
遛弯,2
先办,2
较长,2
二大,2
遮光,2
二十多,2
先得,2
先玩,2
先行,2
遮阳帽,2
遮阴,2
二十,2
轻易,2
二刷水,2
光秃秃,2
光线,2
光脚,2
人不太多,2
运动,2
不潮,2
进不了,2
追究,2
这钱,2
从办,2
从何说起,2
从丽思,2
介意,2
今次,2
今年春节,2
仅限,2
仅此而已,2
这太,2
仅供参考,2
仅供,2
传闻中,2
估测,2
仁者见仁,2
这几年来,2
人间烟火,2
人间,2
人造,2
但加,2
人较,2
人走茶凉,2
这项,2
进到,2
这人,2
进屋,2
连带,2
以人为本,2
以色列,2
违背,2
远远不够,2
价签,2
远程,2
任意,2
远比,2
迷你版,2
远处,2
迷路,2
休憩,2
众所周知,2
优先选择,2
优待,2
优惠价,2
优惠政策,2
优越感,2
从没,2
从水里,2
会为,2
从来不,2
人订,2
但离,2
保留,2
作用,2
你加,2
你定,2
佳音,2
人头费,2
还原,2
还卡,2
还升,2
人大,2
例子,2
供不应求,2
还会续,2
依依不舍,2
还会发,2
人声,2
选仁恒,2
便利性,2
选择性,2
保养,2
选片,2
人发,2
保持联系,2
保持足够,2
运行,2
还少,2
人情味,2
送伴,2
还教,2
人能,2
这事,2
人管,2
这两项,2
低区,2
人理,2
人狂,2
低层,2
送客,2
送房,2
人民币,2
住三晚,2
住个,2
住嘉佩乐,2
住宿服务,2
人有,2
体谅,2
体面,2
何业观,2
送达,2
何琳,2
人想,2
还暖心,2
转天,2
书包,2
转向,2
超低,2
几米,2
两小住,2
两宿,2
钱住,2
两名,2
两双,2
钱包,2
出国,2
两三百,2
两三个,2
出远门,2
起不来,2
两三,2
出面,2
分不开,2
赶早,2
东西方,2
分区,2
分布,2
分成,2
分散,2
赶不上,2
东侧,2
几秒钟,2
几百块,2
铺床,2
针对性,2
超有,2
两款,2
超快,2
减配,2
两极分化,2
超强,2
几位,2
几分,2
两条,2
两星,2
超差,2
两扇门,2
几口,2
几圈,2
两张床,2
两岁半,2
超小,2
金钻,2
超大型,2
几日,2
几样,2
几点钟,2
几百,2
业绩考核,2
分辨,2
那次,2
赠送礼品,2
长沙,2
赞赞,2
别家,2
赞美,2
长点,2
别扭,2
别提,2
别有,2
别致,2
不累,2
别错过,2
到处跑,2
长辈,2
制服,2
制造,2
刷到,2
赏心悦目,2
资讯,2
不爱写,2
不灵,2
费心,2
费劲,2
前几次,2
利落,2
不菲,2
赵天鹏,2
利兹,2
世纪,2
走马观花,2
锁定,2
专车,2
专程,2
专业培训,2
走走,2
走时,2
不难,2
错路,2
锤头,2
刚满,2
走动,2
创口,2
创意,2
创造,2
走出,2
走不动,2
初二,2
不超,2
赢得,2
删掉,2
删除,2
凌乱,2
金文,2
凉凉的,2
关灯,2
之内,2
关联,2
之余,2
踢皮球,2
久等,2
具备,2
跳舞,2
跳水,2
都还没,2
跳入,2
跳伞,2
举着,2
举家,2
举动,2
内去,2
配不起,2
丽禾,2
内玩,2
配件,2
主题乐园,2
主楼,2
路标,2
配套措施,2
部高区,2
关好,2
两趟,2
关东煮,2
九月份,2
车门,2
八口,2
九尾,2
车费,2
八点钟,2
八百万,2
公主,2
那面,2
公共设施,2
乒乒乓乓,2
邻桌,2
公摊,2
郑晓月,2
公用,2
六一,2
六七个,2
六个,2
车去,2
六层,2
部单,2
关上,2
部帮,2
再刷,2
再换,2
跟随,2
为难,2
冲进去,2
采购,2
冷冰冰,2
冷冷清清,2
中免,2
冷水,2
冷没能,2
个性化,2
里算,2
超长,2
个口,2
冷脸,2
个人观点,2
重庆,2
超近,2
冷静,2
超越,2
冷风,2
重逢,2
超贵,2
两项,2
两部,2
冻得,2
酸奶,2
中年人,2
越高,2
串门,2
再聚,2
冒险,2
配餐,2
冗长,2
写些,2
写写,2
临别时,2
跑腿,2
跑步,2
冤枉路,2
酒会,2
酷客,2
跑上跑下,2
冰冷,2
中西合璧,2
中等,2
中秋节,2
中暑,2
酒类,2
中旬,2
酥脆,2
酱汁,2
商家,2
连在一起,2
大柱子,2
30%,2
鳗鱼,2
Vip,2
色系,2
大妈,2
3.27,2
脖子,2
301,2
Wi,2
View,2
脚下,2
色彩,2
好巧,2
Jacky,2
VICKY,2
Vita,2
好意思,2
大娃,2
好感度,2
风光,2
Isable,2
好极了,2
坐车,2
坐落于,2
坐落,2
好棒,2
太软,2
鸡皮疙瘩,2
好气,2
颠覆,2
太躁,2
首页,2
风声,2
垫高,2
脚凳,2
太长,2
大型商场,2
填满,2
风火轮,2
3588,2
舒珊,2
3500,2
Sunny,2
塞车,2
好几家,2
Suti,2
舒适性,2
堵车,2
堵塞,2
高强度,2
好后,2
翻白眼,2
7000,2
太近,2
好多天,2
鲜明对比,2
舞美,2
好多好多,2
好多年,2
基层,2
基围,2
Jade,2
TiKKi,2
鲜美,2
风扇,2
鲜花,2
Westin,2
坐个,2
大水缸,2
在内,2
bella,2
好运,2
圣诞礼物,2
大有,2
beck,2
群众,2
高倩倩,2
太行,2
大暴雨,2
在建,2
95,2
香槟,2
领教,2
地产,2
花灯,2
领入,2
bread,2
领先,2
麻利,2
好长时间,2
btw,2
圈子,2
高人一等,2
能量,2
苛刻,2
如图,2
Hanna,2
预警,2
英国,2
英文名,2
国际品牌,2
脏乱差,2
大手笔,2
地儿,2
8.1,2
2899,2
太腻,2
2700,2
太美丽,2
Will,2
Hour,2
节目表,2
地道,2
大年三十,2
太绝,2
地送,2
Herman,2
羽凡,2
好脏,2
芭蕾,2
夫妻俩,2
高到,2
地漏,2
太烂,2
鸿森,2
地步,2
领票,2
好赞,2
高冷,2
地好,2
领着,2
地处,2
地块,2
太晚,2
地场,2
舒坦,2
墙壁,2
增分,2
多问,2
R0n,2
高水平,2
夜游,2
Lyla,2
脸色,2
夸奖,2
MIa,2
增多,2
MM,2
多去,2
自我,2
多送,2
食用,2
考拉,2
耳闻,2
高梅,2
奇妙,2
Lsabel,2
多人多,2
Rebecca,2
外边,2
外观设计,2
自然环境,2
自由市场,2
奇差,2
食住,2
外来人员,2
自诩,2
够不着,2
飞过来,2
自选,2
自如,2
多块,2
食街,2
腥味,2
失望透顶,2
多样性,2
多条,2
57,2
Mark,2
NINA,2
520,2
Nancy,2
高而,2
自不必说,2
多放,2
失重,2
餐椅,2
多花钱,2
多要,2
多天,2
多待,2
5888,2
多开,2
MOJITO,2
多带,2
耳机,2
多层,2
多家,2
考虑不周,2
耳目一新,2
餐刀,2
腌粉,2
多太多,2
4K,2
老远,2
奈苏,2
够得上,2
KTV,2
大半,2
高星,2
Kiki,2
大厨,2
飘飘,2
3800,2
奶瓶,2
老客户,2
备受,2
Katrina,2
处理速度,2
Scott,2
处女座,2
好不好,2
老太太,2
奶昔,2
Sherry,2
致敬,2
Show,2
KPI,2
3600,2
大同小异,2
声响,2
声名在外,2
Spa,2
老城区,2
壁纸,2
增长,2
风险,2
脚底,2
Kris,2
大千,2
Rosie,2
Letter,2
老百姓,2
外国人,2
魔方,2
SALLY,2
外包,2
外加,2
大且,2
奔波,2
奔跑,2
夏雨蝶,2
飞快,2
饮料水,2
奖励,2
老爸,2
Leslie,2
至上,2
夏季,2
饮水,2
夏威夷,2
夏令营,2
大写,2
飞利浦,2
Sal,2
复合,2
Kyrie,2
大到,2
女尼,2
女管家,2
复刷,2
复制,2
2020,2
地区,2
太快,2
营地,2
四周,2
BUG,2
天际,2
Barry,2
大跌,2
四十分钟,2
网课,2
四十八,2
kelly,2
网评,2
肠胃,2
学龄前,2
四分之一,2
大过年,2
jirui,2
网约车,2
网红点,2
大连,2
kiki,2
四五次,2
天玩得,2
四五千,2
四五,2
营是,2
噪声,2
110,2
网站,2
天气预报,2
孙艳芳,2
孙瑜,2
1688,2
jeremy,2
回个,2
ins,2
菜系,2
太凉,2
马代,2
菜肴,2
肖宇婷,2
子房,2
孔涛,2
肚子饿,2
黎世芳,2
jeanie,2
韩式,2
太不容易,2
大街,2
菠萝,2
能值,2
字贵,2
韦绕蓓,2
存放,2
能住,2
存水,2
罗飞,2
萌萌,2
能为,2
122,2
四射,2
四大,2
面板,2
嘴脸,2
lena,2
非说,2
10086,2
天下,2
马马虎虎,2
mason,2
蒂萨,2
1.35,2
天两晚,2
天亮,2
面上,2
天价,2
靠边,2
nicole,2
天住,2
Coco,2
胶带,2
CI,2
善意,2
驱蚊器,2
天到,2
完餐,2
Checkin,2
Cathy,2
天壤之别,2
驻唱,2
宏大,2
商量,2
on,2
非常简单,2
天上掉,2
鼓掌,2
胡梦圆,2
面对面,2
嘎吱,2
网友,2
嘉奖,2
嘀嗒,2
嗷嗷叫,2
胳膊,2
缺陷,2
Brandon,2
落山,2
马粪,2
天数,2
落座,2
安安心心,2
面朝着,2
马虎,2
安文丽,2
liang,2
缺失,2
喷头,2
喧哗,2
Bread,2
102,2
著称,2
完水,2
缝隙,2
Bruce,2
缝针,2
回事,2
营业点,2
Fi,2
肉酱,2
骨折,2
GRO,2
茶包,2
园景,2
黄帅,2
茶味,2
始终保持,2
姑姑,2
Evan,2
Eva,2
茶点心,2
姥姥,2
草地,2
Allen,2
顺丰,2
大管家,2
项目选择,2
项目表,2
因有,2
姜水,2
荡然无存,2
顶配,2
茶几,2
顾不过来,2
妥帖,2
妥善,2
英文名字,2
如愿,2
2019,2
200%,2
太弱,2
高一,2
club,2
如画,2
clubmed,2
Gina,2
围观,2
George,2
香港,2
妆容,2
connor,2
围兜,2
肉类,2
黄少风,2
danny,2
美极了,2
美是,2
198,2
5500,2
180,2
肋骨,2
娃小,2
hh,2
回购,2
香薰,2
Eason,2
香香的,2
音响效果,2
回收,2
黄立成,2
ing,2
顶流,2
Elina,2
Eren,2
音骗,2
回电,2
1900,2
回京,2
骚扰,2
酥软,1
浓厚,1
热望,1
热风,1
驾到,1
燥热,1
浮潜挺,1
流水声,1
流水,1
郁金香,1
重金,1
浩瀚,1
郝林,1
浮潜时,1
重金属,1
熊猫,1
驾子,1
重量,1
燕麦,1
骑单车,1
熟食,1
郭老板,1
燃放,1
都乐,1
熏醒,1
郝林教,1
熏得,1
郝林为,1
驾车,1
酒瓶子,1
骑行,1
重重的,1
邻近,1
燃放烟花,1
骑骆驼,1
燃烧,1
热食,1
流连,1
浦二秋,1
流失,1
配水,1
配齐,1
浓重,1
金玉,1
配着,1
金絮其,1
驻扎,1
浴场,1
骑辆,1
煎饼,1
高人,1
那脸,1
高些,1
那能,1
流动性,1
那股,1
酣畅淋漓,1
高科技,1
那管,1
配搭,1
那请,1
烹饪,1
煞风景,1
浮现,1
高潮,1
浮雕,1
熟门熟路,1
热情欢迎,1
野生,1
照射,1
照个,1
爆增,1
配德上,1
邵远,1
浪挺大,1
野蛮,1
然出,1
邵春艳,1
邵彤彤,1
量力而行,1
邵帮,1
金典,1
酒杯,1
郭玉贤,1
高标准,1
浇头,1
释怀,1
部点,1
热诚,1
释放,1
郭京飞,1
部沈丹,1
郭佳鑫,1
部时,1
骄傲,1
流落,1
焦急万分,1
焕然一新,1
配乐,1
里加,1
热血,1
测验,1
里外,1
流线,1
部小高,1
照相机,1
部给,1
重质,1
高性价比,1
采光,1
流露,1
熟人,1
部陈,1
配饰,1
部队,1
浪花,1
流血,1
高奢,1
煮菜,1
照骗,1
焦头烂额,1
焦急,1
煮蛋,1
浅水区,1
醒水,1
熟嘛,1
照看,1
部请,1
浮上,1
骂人,1
浮动,1
浑浊,1
浑浑噩噩,1
流泪,1
配少,1
热给,1
部份,1
酒单,1
酒内,1
热盘,1
熟视无睹,1
重新安排,1
部人,1
照拂,1
都备,1
骤降,1
配床,1
高来,1
高尚,1
重新整理,1
重现,1
部低区,1
部借,1
配图,1
部好点,1
驿站,1
熟爽,1
浪凡,1
部小田,1
部小,1
醉醉,1
焦点,1
驾驶,1
酒店式,1
浮板,1
重头戏,1
焰火,1
高有,1
部到,1
焰火晚会,1
热餐,1
高傲自大,1
熟练程度,1
煮面,1
道德,1
流不急,1
特别强调,1
洋溢着,1
送点,1
送礼,1
特调,1
特训营,1
特表,1
特色美食,1
送货,1
送还,1
特等,1
特殊要求,1
送还给,1
黄牛,1
黄海,1
特权,1
特有,1
特斯,1
特配,1
洋气,1
送水递,1
泳镜,1
黏糊糊,1
狗头,1
黏土,1
黎议议,1
送出去,1
送医,1
泳裤,1
黄黄的,1
特高,1
黄金地段,1
黄金会员,1
送往,1
犯晕,1
送水送,1
洁面,1
牺牲,1
黄油,1
送进来,1
黄晓丽,1
麻酱,1
选手,1
黄孟娜,1
特在,1
选料,1
选材,1
黄子建,1
特卖,1
选错,1
特好,1
逊下,1
逊人,1
逊好,1
麻烦事,1
透支,1
特制,1
麦海鹅,1
特地来,1
洗头发,1
特效药,1
逃亡,1
送错,1
特效,1
黄昏,1
特拉,1
洗发,1
适口,1
适时地,1
黄少凤,1
特差,1
逃窜,1
逃逸,1
逃难,1
黄小翠,1
特待,1
选不上,1
选了,1
黏贴,1
狠狠,1
送伞,1
迪兰,1
连着,1
连绳,1
波塞东,1
连轴,1
迟到,1
迟办,1
王先生,1
鼓点,1
王叶涵,1
迷宫般,1
迷茫,1
献给,1
波折,1
波浪,1
猫冬,1
猪肉,1
鼻塞,1
连球球,1
猛烈,1
连挂,1
泡个,1
龙春美,1
连开,1
连投,1
连拉带,1
王少玲,1
王小转,1
连早,1
连环,1
连晒,1
连滑,1
龙卷风,1
连点,1
连烤,1
连玩,1
齐耳,1
迷迷糊糊,1
波赛,1
送不起,1
独占,1
退好,1
黑店,1
退带,1
独家,1
黑卡,1
黑人,1
独好,1
独享,1
独树一帜,1
黑乎乎,1
退而求其次,1
退虎,1
泰国人,1
退还,1
退钱,1
送上门,1
独栋,1
退回,1
猛拍,1
狭小,1
鼓吹,1
猛增,1
泥土,1
默默,1
默认,1
狼狈,1
黑黑的,1
追加,1
退卡,1
黑脸,1
追赶,1
注忘,1
退伍军人,1
退化,1
黑灯瞎火,1
退单,1
透气性,1
麦永柱,1
那盘,1
透透气,1
爹妈,1
爸爸妈妈,1
魔法,1
魔术师,1
避过,1
魔女,1
邀请卡,1
爷爷,1
邓伦,1
邢丽珍,1
邢会杰,1
邢华萍,1
那一,1
父亲,1
魏成,1
魄力,1
爱马仕,1
避坑,1
爽口,1
爽快,1
鱼好,1
鱼种,1
遥控,1
遥控器,1
遭受,1
鱼照,1
遮住,1
鱼池,1
爽约,1
鱼去,1
爽爽爽,1
活久见,1
爽爆,1
爽气,1
活人,1
遮挡,1
遮阳伞,1
鬼哭狼嚎,1
高龄,1
爱马,1
派来,1
那块,1
那头,1
派上用场,1
那女,1
高贵典雅,1
那家会,1
那层,1
那扇,1
那句,1
高管,1
爬上来,1
高等级,1
那来,1
高空,1
那段,1
那热,1
高速,1
高铁,1
爱静,1
爱花,1
爱迪逊,1
爱订,1
活动中心,1
那人,1
活脱脱,1
那会,1
高高在上,1
高风,1
那双,1
那住,1
那侧,1
爱理不理,1
活跃,1
高额,1
那去,1
洽当,1
爽翻,1
津津有味,1
洞洞,1
物件,1
物有,1
鸡血,1
洗涮,1
途径,1
物价局,1
逗留,1
鸡脚,1
物业,1
物次,1
牢固,1
通刷,1
洗漱间,1
通向,1
鸡爪,1
通报,1
通排,1
鸡鸭,1
鸣谢,1
鸟巢,1
物非,1
逐一,1
特別,1
逐个,1
逐日,1
鹅绒,1
牵着,1
逐波,1
递水,1
洗洗,1
物里,1
鸭掌,1
递给,1
物资供应,1
递过来,1
物质,1
鸭子,1
鸡块,1
通话,1
洞察,1
片皮,1
牙缝,1
逼真,1
遇才,1
遇水后,1
遍地,1
牌照,1
遍帮,1
片区,1
鲈鱼,1
鱼鳃,1
片刻,1
驻场,1
鱼群,1
遗失在,1
遗留物,1
片儿,1
逼格,1
洗脸盆,1
鲸鲨,1
逛水,1
鲷鱼,1
牛羊,1
通风管,1
牛河,1
逛一逛,1
逛下,1
逛个,1
逛过,1
鲜味,1
速冻,1
速度慢,1
速洁,1
速溶,1
速通,1
速问,1
鲜明,1
金色,1
非常容易,1
金莎,1
满载,1
淋漓尽致,1
满身,1
除臭,1
除锈,1
陪娃,1
领班,1
陪护,1
领口,1
满级,1
陵水,1
陷阱,1
满目,1
隆大,1
隆好,1
满盘,1
隆贵,1
隋秀鑫,1
领用,1
领略,1
涨涨,1
除有,1
院内,1
漂和丽珍,1
颜玉莲,1
漂加,1
漂人,1
淋浴室,1
院线,1
漂了,1
题外话,1
除味,1
滴血,1
除夕之夜,1
颗星赞,1
滴滴,1
颈椎,1
领路,1
满面笑容,1
领位员会,1
领了,1
随出,1
随刻,1
满大街,1
满场,1
随机,1
预收,1
深厚,1
满地跑,1
随流,1
随笔,1
预判,1
随答,1
预先,1
预付,1
深坑,1
顾得上,1
随身携带,1
随进,1
滚蛋,1
深切,1
满天星,1
满屏,1
淡旺季,1
淘宝,1
淘气,1
领个,1
满打满算,1
预设,1
预计,1
预祝,1
随回,1
满座,1
预示,1
随心,1
随心所欲,1
随性,1
预知,1
预料到,1
满当当,1
涨潮,1
限重,1
深夜里,1
陈宇红非,1
陈明,1
陈晓佳,1
风评,1
澡堂,1
陈景秀点,1
潮潮,1
潮味,1
潦草,1
潜能,1
陈泽云,1
风水,1
风有,1
陈礼华,1
陈祎婷,1
风暴,1
风景迷人,1
陈继光,1
风雨,1
消遣,1
漂流到,1
陈和茜调,1
附图,1
激浪,1
附图片,1
飘着,1
激流,1
消耗品,1
陆守伦,1
陆家嘴,1
陆怡,1
陆遥,1
飓风,1
陈业伟,1
陈亚,1
陈伟聪点,1
陈俊光,1
激怒,1
陈和茜,1
陈缘,1
风景秀丽,1
陈羽,1
风景图,1
降为,1
漠不关心,1
连小,1
演员阵容,1
涨工资,1
降低成本,1
演券,1
降到,1
降雨,1
额度,1
额头,1
额外收费,1
限于,1
限度,1
颜玉连,1
限放,1
限时,1
颤抖,1
风卷残云,1
降下来,1
潘潘,1
陈聪,1
陈荣勋,1
陈观,1
风情,1
潜台词,1
风干,1
潘点,1
风吹,1
漫游,1
潘明宇,1
陈述,1
潘彩莲,1
涌涌,1
风口浪尖,1
陌生人,1
润肤乳,1
顾不上,1
随随便便,1
金莎见,1
雾气,1
港式,1
需加,1
温言,1
需品,1
温柔体贴,1
需求量,1
震住,1
震动,1
震惊,1
清流,1
面巾纸,1
温心,1
露着,1
露营,1
露过面,1
面巾,1
露面,1
游丹,1
雷电,1
雪碧任,1
雷文雯点,1
游完,1
雪糕,1
游娱,1
清晨,1
雪花,1
面膜,1
零售店,1
面海,1
面汤,1
游园,1
游刃有余,1
雷区,1
清洁工,1
游会,1
游人如织,1
雷同,1
雷子,1
面客,1
温德姆退,1
霸榜,1
青少年,1
靠水,1
温差,1
温婉,1
温奶器,1
非诚,1
非专业,1
非花,1
非洲,1
渐远,1
渣子,1
渣图,1
渗水,1
渡假村,1
非凡,1
非同寻常,1
非富,1
非常重视,1
静默,1
清茶,1
静静地,1
静亦动,1
青紫,1
青菜,1
面子,1
面墙,1
靓丽,1
靓女,1
静下心来,1
静候,1
静谧,1
静态,1
面吃出,1
静脉,1
清澈见底,1
面加,1
面具,1
面临,1
清新剂,1
面试,1
顽固,1
滑下,1
滋水,1
隧道,1
隽永,1
难免会,1
溢于言表,1
顶头,1
音量,1
音见,1
深表,1
源源不断,1
源于,1
溃烂,1
音箱,1
深表谢意,1
音效,1
难定,1
混合,1
滋生,1
顶目,1
雪柜,1
顶端,1
滚刀肉,1
滑雪,1
隐形,1
隐形眼镜,1
隐患,1
顺心如意,1
顺序,1
滑翔伞,1
滑索,1
滑溜溜,1
隐秘,1
顺丰到,1
项目部,1
深得人心,1
隔板,1
深挖,1
深水,1
湿度,1
游过来,1
难寻,1
游轮,1
雕琢,1
添彩,1
添点,1
革命,1
雨季,1
雨景,1
雨款,1
面貌,1
雨过天晴,1
游池,1
雪亮,1
雪影,1
游必远,1
面谈,1
游必,1
游得,1
游客量,1
鞋脱,1
集游,1
集团型,1
难用,1
音乐声,1
混合泳,1
混在,1
游记,1
难得一见,1
难忍,1
难民,1
韭黄,1
韦琼,1
难订,1
难述,1
混迹,1
韩全,1
雅致,1
雅间,1
集合体,1
消磨,1
消毒药,1
瀑布,1
点起,1
长发,1
长度,1
长条,1
非常明显,1
海天一色,1
长桌,1
点赞卜,1
点贼,1
海就行,1
点要,1
香梨是,1
点行,1
香格里拉酒店,1
点菜,1
点离店,1
海带,1
点睛之笔,1
海堂湾,1
香橙,1
错觉,1
长到,1
点错,1
错误引导,1
锡婚,1
香甜,1
锻炼,1
香熏,1
点重,1
锻炼身体,1
香水味,1
香氛,1
海和沙,1
镜子,1
长三角,1
长些,1
点过,1
香气,1
点路,1
长白山,1
点玩,1
点点滴滴,1
海平面,1
点心吃,1
馒头,1
门儿,1
门关,1
馅饼,1
馄炖,1
点对点,1
点多进,1
饿醒,1
海村,1
门卡刷,1
门厅,1
点多来,1
点多办,1
海棉,1
饿肚子,1
门取,1
首住,1
首家,1
长龙,1
长达,1
点滴,1
长篇,1
香喷喷,1
长篇大论,1
长篇累牍,1
点杯,1
长者,1
长长的,1
长青,1
长隆大,1
海底隧道,1
长隆水,1
香兰,1
首要,1
点播,1
首秀,1
香皂盒,1
香芋,1
消毒液,1
钟姣秋,1
热坑,1
热化,1
烫脚,1
钢琴,1
钱买水,1
烧钱,1
烧菜,1
浴液,1
烧开,1
烧出来,1
钱多人,1
烦琐,1
钱连个,1
钻石,1
钻级,1
钻进去,1
铁子,1
钟意,1
马赛克,1
点雨,1
钓鱼,1
驱逐,1
金钱至上,1
驱赶,1
驱蚊,1
浴室用品,1
浴室镜,1
驱寒,1
驰骋,1
金额,1
热带鱼,1
驯兽师,1
热带风暴,1
热带雨林,1
浴帘,1
浴帘脏,1
浴帘隔,1
马路上,1
铁岭,1
马特,1
铁栏杆,1
马桶盖,1
烟蒂,1
银色,1
马亚,1
银行,1
铺上,1
马不停蹄,1
马上开,1
铺满,1
链子,1
烈阳,1
销售部,1
销售量,1
烂尾,1
锁链,1
锅底,1
点面,1
错峰游,1
银样,1
马儿,1
烤箱,1
铂尔曼,1
烦心,1
烦人,1
马戏表演,1
马德里,1
铁桶,1
铁罐,1
烤羊肉串,1
烤羊,1
银子,1
浴盐,1
铅笔,1
铜臭,1
铝合金,1
铭记,1
马尔代夫,1
铲子,1
门吸,1
门把手,1
饿着肚子,1
海陆空,1
食感,1
队后,1
食店,1
阮为,1
阮去,1
海飞,1
灯红酒绿,1
阮是,1
灯火通明,1
灯游会,1
阮点,1
灯带,1
海鱼,1
防水表,1
灯坏,1
飞飞,1
灯即,1
队友,1
阖家欢乐,1
点发,1
食物中毒,1
炒河粉,1
餐巾,1
闹情绪,1
餐区,1
海送,1
灾难片,1
闹成,1
餐不选,1
灵魂,1
闺蜜来,1
灰黑,1
闻名,1
闻名不如见面,1
食物残渣,1
阉割,1
海钓,1
灰蒙蒙,1
灯关,1
海鲜大餐,1
灯光设计,1
飞行员,1
消散,1
消暑,1
飞回,1
阻拦,1
阻挡,1
火气,1
阻碍,1
火山,1
阿凡,1
阿杰,1
阿桑,1
火去,1
飞入,1
火候,1
灌装,1
阿龙,1
附件,1
阶梯,1
阴面,1
火腿肠,1
阴差阳错,1
防蚊液,1
阳光充足,1
飞蚁,1
阳历,1
阳康后,1
飞来,1
飞机场,1
消失,1
阴阳怪气,1
飞奔而来,1
火辣辣,1
火辣,1
阴性,1
阴沉沉,1
飞奔,1
火警,1
炒火,1
闹到,1
间门,1
问完,1
点办,1
闭馆,1
饭钱,1
问个,1
问人,1
点到点,1
问会,1
海王,1
海玩海,1
点刚,1
饭贵,1
问口,1
问号,1
饭要,1
饭点,1
海盐,1
问后,1
海燕,1
饭食,1
闭店,1
门票费,1
饿死,1
饿到,1
饼馅,1
门拉不上,1
门有,1
饱满,1
点单,1
饮食习惯,1
饭馆,1
门缝,1
点半有,1
海游馆,1
点半才,1
闪回,1
闪电,1
点半办,1
饭桌,1
点击,1
间溢水,1
点冲,1
炙热,1
炙烤,1
闲散,1
炖牛肉,1
炒鸡蛋,1
饥肠辘辘,1
餐饮店,1
闲暇,1
餐酒,1
闲着,1
餐费,1
间大床,1
炒面,1
炒起来,1
间客,1
炒牛,1
间断性,1
海菜,1
炸裂,1
饥饿感,1
问水,1
问寒问暖,1
问必,1
问换,1
点入园,1
问早,1
海羽星,1
问有何,1
问答,1
问过,1
饭堂,1
问讯,1
点位,1
点人,1
饭后,1
问起,1
问软,1
演绎,1
绿色通道,1
王弗宁,1
蓝莓,1
蓬屋,1
蔚为壮观,1
穿衣服,1
蔡亲富,1
蔡先生,1
蔡秦富,1
薄弱,1
薄点,1
薄荷,1
穿戴整齐,1
薛钟,1
穿布,1
薯片,1
虎年,1
虚名,1
虚头,1
虚寒,1
虚设,1
空闲,1
空车,1
空负,1
虽人,1
空腹,1
蓬头,1
穿金戴银,1
空空荡荡,1
蓝得,1
立项,1
营有,1
营运,1
立于不败之地,1
营造,1
窗纱,1
落到,1
落日,1
落水,1
落脚,1
窄小,1
突遇,1
葡萄汁,1
葡萄酒,1
董事长,1
突紧,1
董琴广,1
蒂别,1
蒙圈,1
突发状况,1
蒲泽敏,1
蒸蒸日上,1
蓝帝斯,1
空缺,1
虽大,1
认真总结,1
稍晚,1
蜜瓜,1
稍慢,1
稍感不便,1
蜿蜒,1
融为一体,1
稍大点,1
融入,1
融创,1
稍后,1
稍久,1
融汇,1
融洽,1
血亏,1
血战,1
血渍,1
血管,1
血迹,1
稀罕,1
稀缺,1
称道,1
称赞,1
称谓,1
称心,1
蜜月游,1
稍贵,1
空盘,1
蜘蛛网,1
空白,1
空桌,1
虽高,1
虾饼,1
蚂蚁,1
蛋炒饭,1
蛋糕店,1
蛮横,1
空去,1
蛮爽,1
蛮贵,1
空出,1
蛮赞,1
蛮近,1
蛮重,1
穆丽雅,1
蜂拥而至,1
稳定性,1
蜂蜜水,1
蜈知洲,1
稳妥,1
稍逊,1
稍远,1
站上去,1
营帮,1
站不住,1
花瓶,1
花甲,1
符玉蕊,1
花眼,1
花着,1
花露水,1
芹菜,1
苏文丽,1
若干次,1
符淑勤,1
苦大仇深,1
苦苦,1
符海珍,1
符海玮,1
范宏勋,1
符式,1
符小进,1
范展铭,1
茄子,1
符奇凤,1
茅户,1
符启日,1
符合标准,1
茅草屋,1
笨重,1
花束,1
营带,1
花朵,1
节俭,1
节制,1
节前,1
节日期间,1
第三个,1
节气,1
第一阶段,1
第一道,1
节电,1
节能,1
第一波,1
芬芳,1
泛善,1
第一批,1
花丛,1
花个,1
第一夜,1
花到,1
第一回,1
第一周,1
花多,1
花好,1
花式,1
茉莉,1
符其莹,1
茶凉,1
笙歌,1
端庄,1
莲雾,1
获悉,1
端上来,1
菜碟,1
竭尽所能,1
菜色,1
竭尽全力,1
童靴,1
童车,1
菜要,1
菜道,1
菲菲,1
菲送,1
童话般,1
童话世界,1
营上,1
童心,1
童年,1
童先生,1
竣工,1
竟是,1
营养价值,1
端的,1
莱佛士,1
莫属,1
笑意,1
笔记本电脑,1
茶叶,1
笔直,1
笔写,1
茶品,1
笑话,1
荒凉,1
荒地,1
荒芜,1
笑眯眯,1
笑容满面,1
莫大,1
笑容可掬,1
荧光棒,1
药品,1
药水,1
药物,1
荷包蛋,1
笑嘻嘻,1
莫兰,1
竹荪,1
端详,1
行李牌,1
行省,1
行色匆匆,1
祝你们,1
见人下,1
社畜,1
社恐,1
见图,1
礼轻情意,1
礼轻,1
观光,1
礼花,1
观察入微,1
观念,1
观望,1
礼有,1
礼帽,1
礼宾司,1
礼堂,1
规模宏大,1
规矩,1
视觉污染,1
角房,1
礼券,1
礼到,1
角能,1
解冻,1
要领,1
要限重,1
神话,1
祝小陈,1
要塞,1
神清气爽,1
神殿,1
神情,1
要备,1
要套,1
要少,1
要强,1
要报,1
要换,1
神态,1
要现,1
要票,1
要试,1
要超,1
要边,1
神之跃,1
祝雨婷,1
祝越,1
要这要那,1
祝福语,1
要钱,1
要长,1
示意,1
磨磨,1
解到,1
磨合,1
碘酒,1
碘伏,1
订成,1
碗盘,1
碎石子,1
确诊,1
确让,1
订房定,1
订晚,1
确是,1
订订,1
订购,1
硬道理,1
订车,1
硬要,1
硬装,1
认了,1
认人,1
硬硬,1
认定,1
硬着头皮,1
硬生生,1
硬物,1
碟子,1
订位,1
订为,1
碰坑,1
解开,1
磕到,1
解救出来,1
解禁,1
解锁,1
碰运气,1
解除,1
触感,1
碰碰船,1
碰巧在,1
言为心声,1
订上,1
言喻,1
碰到问题,1
言过其实,1
誉为,1
警察,1
计时器,1
碰伤,1
碰人,1
订三晚,1
碧波,1
神级,1
祥和,1
行走,1
补贴,1
秋天,1
补送,1
补送餐,1
补钱,1
补餐,1
秃秃,1
私自,1
表态,1
表杨,1
表诉,1
表述,1
表都,1
表里不一,1
秀观,1
秀要,1
衬衣,1
衷心感谢,1
秀蛮,1
袁凯,1
袁是,1
袋里,1
被关,1
秀根,1
秋裤,1
补记,1
要凉,1
补菜,1
积累,1
积水,1
街全,1
街头,1
衣帽间,1
衣挂,1
秦鹏,1
秦淮,1
衣食住行,1
租金,1
补助,1
补卡,1
补台,1
租借,1
补回,1
补好,1
秘密,1
秘境,1
补完,1
秒钟,1
秒速,1
科普性,1
补小,1
秀来,1
秀未,1
秀有,1
被单,1
离岗,1
离家出走,1
离家,1
离太远,1
西侧,1
离场,1
离去,1
离不开,1
西兰花,1
福音,1
西安,1
西式早餐,1
禁入,1
票订,1
西班牙,1
西番莲,1
西藏,1
票来,1
票带,1
票口,1
票去,1
要人少,1
要付,1
褪色,1
离岛,1
褪去,1
秀刚,1
被套,1
秀太坑,1
秀太,1
被忽视,1
被打乱,1
被秀场,1
被罩,1
秀去,1
裂开,1
秀包,1
秀关,1
裤子,1
秀倒,1
秀于,1
装傻,1
秀丽,1
离造,1
离行,1
装着,1
离房,1
装进,1
裙子,1
艾美,1
艺术课,1
艺术展,1
而生,1
而行,1
耐信,1
纸袋,1
纸管,1
纸笔,1
耐烦,1
耗资,1
耳光,1
纸杯,1
纸条,1
纸巾盒,1
耳压,1
耳塞,1
纸围,1
纷围,1
纵身,1
纵容,1
耳鸣,1
耸立,1
纯纯,1
纯白色,1
纯玩,1
耽搁,1
纹丝不动,1
而来,1
老少咸宜,1
考验,1
细说,1
细菌,1
老总,1
老早,1
老朋友,1
老款,1
老毕,1
细看,1
老玩,1
细数,1
老讲,1
细心人,1
老铁们,1
细品,1
细到,1
老铁是,1
绅士,1
考完,1
考完试,1
练就,1
考核,1
线路,1
考虑一下,1
纯泡,1
耿耿于怀,1
聊上,1
纯正,1
红火,1
红梅,1
肉食,1
红日,1
红旗,1
红心,1
肌肉,1
肖节,1
繁荣景象,1
繁杂,1
肝配,1
肠子,1
繁华,1
肥牛,1
肥皂剧,1
肮脏,1
肯下来,1
胃疼,1
胆儿,1
胆大,1
累瘫,1
胆敢,1
累娃,1
肉质,1
肇事车,1
红牛,1
聒噪,1
纯属,1
纯坑,1
聊聊天,1
聊胜于无,1
聋子,1
职工,1
纪为,1
职能,1
职能部门,1
职责,1
联动,1
肆虐,1
纤细,1
联手,1
联票,1
联络员,1
红药水,1
红茶,1
聚会,1
肆意,1
红色,1
红糖,1
细软,1
终将,1
累人,1
网红地,1
罗威,1
罗金娥,1
统统,1
统一口径,1
绝配,1
罚款,1
罚站,1
绝无仅有,1
绝无,1
罪受,1
置气,1
羊惠春,1
羊肉,1
美中,1
美丽动人,1
美仑美奂,1
绝子,1
美发,1
美呆,1
美哒,1
美国,1
美好幸福,1
美好时光,1
网络部,1
续缘,1
终干,1
续订,1
编排,1
绿色,1
编织,1
绿植中,1
绿植,1
缘来,1
绿提,1
缝会,1
缝儿,1
综评,1
缝合,1
综艺节目,1
缠绕,1
缭绕,1
缸子,1
缺水,1
维修部,1
维修工,1
缺钱,1
罐装,1
绰绰有余,1
网拍,1
网红之名,1
美如画,1
美得,1
绝地,1
美拍,1
结论,1
翡翠,1
翰为,1
翻倍,1
翻台,1
翻天,1
结出,1
结伴同行,1
翻天覆地,1
翻水,1
经费,1
翻阅,1
耀眼,1
经得起,1
老半天,1
经典之作,1
老哥,1
老土,1
经住,1
绊倒,1
老外,1
老实,1
老客,1
翘楚,1
翔宇,1
翅膀,1
给加,1
美满,1
美照,1
美瞳,1
美翻,1
美观,1
给筱宗点,1
美言,1
美食城,1
美食节,1
给定,1
羡慕,1
绕路,1
给你个,1
群聊,1
给亚,1
群里,1
群鱼,1
羽绒,1
羽绒服,1
羽绒被,1
翁丽珍,1
绕道,1
胆量,1
紫色,1
艺术品,1
臣妾,1
自住,1
算人少,1
自动开关,1
算了吧,1
自动识别,1
算不算,1
自助式,1
自尊,1
自找,1
自拍,1
自提,1
自来水,1
自此,1
自毁,1
自求多福,1
简食,1
自然人,1
自称为,1
自营,1
自行车,1
自说自话,1
简装,1
自酿,1
自以为是,1
臂圈,1
管用,1
算数,1
脸园,1
脸子,1
脸畅,1
脸疼,1
管理机制,1
脸盆,1
管理方,1
管理效率,1
脸肯,1
脸面,1
管理制度,1
脾气,1
腊青,1
腌制,1
管子,1
腔调,1
腥臭味,1
腰包,1
管培,1
管制,1
管不了,1
算进去,1
腰部,1
简答,1
简版,1
自重,1
简漏,1
笼蒸,1
第四年,1
舒舒,1
舔着,1
舞台剧,1
舞曲,1
第几次,1
舞蹈,1
航拍,1
第二间,1
航空公司,1
般配,1
船花,1
良心发现,1
良莠不齐,1
第二批,1
色彩缤纷,1
第二家,1
色拉,1
色调,1
色香味,1
第二场,1
艳阳天,1
等不及,1
舍己为人,1
舌尖,1
至亲至爱,1
自顾自,1
臭到,1
简明扼要,1
简单明了,1
臭死,1
简化,1
臭臭,1
臭豆腐,1
筷子,1
筱宗,1
至佳,1
致谢,1
至此,1
至水,1
等餐,1
等车,1
等等等等,1
致以,1
致命,1
致意,1
等同于,1
致癌物,1
管理部,1
管着,1
紫外线,1
胡椒,1
胡萝卜汁,1
胶条,1
胶水,1
糖心,1
糕点,1
胶痕,1
能入,1
能加床,1
能升房,1
精细化,1
能多住,1
能带,1
能干,1
精神面貌,1
能当,1
精神状态,1
精神抖擞,1
精益求精,1
能托娃,1
能比,1
能泡,1
精彩表演,1
精彩绝伦,1
胡萝卜,1
胡人,1
脸后,1
糟蹋,1
紧闭,1
背心,1
背景墙,1
紧邻,1
紧紧,1
紧没来,1
紧揍,1
紧急,1
背着,1
背面,1
胖女手,1
紧密,1
胖子,1
索要,1
胖胖的,1
胜利,1
胜欢,1
素色,1
素未谋面,1
胡乱,1
系数,1
系列,1
糯滑,1
能点,1
能玩个,1
能玩沙,1
能玩海,1
脚丫子,1
类会,1
脚后跟,1
米高梅,1
脚回,1
脚垫,1
米通,1
脚步,1
脚肿,1
脚趾,1
脚踢,1
米粒,1
脚蹬,1
脱俗,1
米左右,1
米宝,1
米大床,1
米外,1
脱离,1
篇文章,1
脱鞋,1
脸卖,1
脸卡,1
脓包,1
脑袋,1
脑补,1
脏乱,1
能畅,1
能称,1
能算,1
能见,1
能观,1
能订,1
能选,1
粘鞋,1
脂肪,1
粗暴,1
粗口,1
脑后,1
粒粒,1
脏得,1
脏成,1
脏旧,1
脏污,1
脏脏,1
脏脏包,1
脏脏脏,1
脏话,1
脑充血,1
硬是,1
硬性,1
连句,1
电子,1
电单车,1
转码,1
转移,1
转车,1
由瑞吉,1
转过,1
由复游,1
田野,1
轮子,1
田松杰,1
甩手,1
轮换,1
软上,1
绿色植物,1
软不硬,1
软包,1
用超,1
用膳,1
用网,1
用水,1
用手,1
软床,1
软性,1
电吹风,1
电子游戏,1
软软,1
转来转去,1
电脑系统,1
电脑操作,1
车票,1
车窗,1
电联,1
电磁干扰,1
车童,1
车该,1
车送,1
电热水壶,1
车门口,1
电流,1
转八弯,1
转凉,1
转到,1
转去,1
电梯间,1
转场,1
转悠,1
转换,1
电影票,1
转接,1
转晴,1
软装,1
软银,1
硬床,1
生日卡,1
辅导,1
辉煌,1
输入,1
生尘,1
输给,1
生切,1
辛勤工作,1
辛好,1
生于,1
辜负,1
辞旧迎新,1
辞退,1
辣个,1
甜而不腻,1
辣哭,1
甜美,1
辣椒,1
辨别,1
甜心,1
边儿,1
边关,1
甚大,1
甚佳,1
较长时间,1
生日快乐,1
软饭,1
生机,1
轰鸣,1
用后,1
轰鸣声,1
轻奢风,1
用于,1
轻微,1
轻松愉快,1
轻松自在,1
生鱼片,1
生锈,1
生还,1
轻轻,1
载客量,1
较久,1
生生,1
生理期,1
生活用品,1
较乱,1
较忙,1
较慢,1
较新且,1
较晚,1
较浅,1
电视剧,1
车水马龙,1
车次,1
跟仁恒,1
疏散,1
跟悦,1
番茄,1
跟本,1
番红,1
跟花,1
跟雨婷,1
跨年度,1
路径,1
略过,1
路易,1
路灯,1
路牌,1
略胜一筹,1
路线图,1
路边摊,1
路近,1
路障,1
路面,1
略慢,1
略感,1
略差,1
略低,1
跟帖,1
疑虑,1
车来,1
疫后,1
足球,1
登个,1
瘦身,1
趴在,1
趾头,1
痛苦,1
痛点,1
跌价,1
跌到,1
跌宕起伏,1
痕迹,1
痒痒,1
病情,1
疼痛,1
疼死,1
疼得,1
疹子,1
跑下去,1
跑出去,1
疲于奔命,1
跑车,1
距七,1
跟个,1
跳梯,1
跳脚,1
跳蚤,1
留有,1
身陷,1
躲到,1
躲过,1
躲雨,1
躺下去,1
躺躺,1
车一到,1
车位,1
车值,1
车到,1
男宝,1
男娃,1
车号,1
车后,1
男友,1
车小,1
电饭锅,1
电钻,1
电话声,1
车接,1
车晚,1
电视频道,1
车有,1
身送,1
身躯,1
身着,1
踩点,1
跳闸,1
跺脚,1
跻身,1
踌躇满志,1
踏上,1
踏踏实实,1
留待,1
留存,1
踢走,1
踩水,1
留住,1
身心,1
踪影,1
留些,1
蹦蹦跳跳,1
蹲下,1
身为,1
留下来,1
身子,1
身影,1
畏高,1
界里,1
边户,1
边洗,1
边湿身,1
玩才,1
这使,1
玩得特,1
这侧,1
玩得成,1
这俩,1
这倒,1
玩带,1
这像,1
玩家,1
这单,1
这周,1
玩头,1
这堪,1
这多人,1
这层,1
这年头,1
这得,1
这排,1
这来,1
玩多,1
这样一来,1
这样儿,1
这款,1
玩戏,1
玩时,1
还管,1
这以,1
还续,1
还花,1
还训,1
还误,1
还贵,1
还超,1
玩滑,1
还长,1
还麻,1
这一,1
这一下,1
这一晚,1
玩游,1
这七,1
玩渴,1
玩海族管,1
这下,1
玩派,1
这为,1
这么晚,1
玩来,1
这些年来,1
玩有,1
这段,1
这波,1
这漏,1
这租,1
远山,1
王给,1
远扬,1
王紫涵,1
王琼莹,1
王玩得,1
远离,1
王点,1
王海莲,1
远胜,1
王海容,1
远近,1
王浩宇,1
远远不如,1
王树,1
远途,1
远高于,1
连丽枫,1
王星,1
连刷,1
王明,1
王新宇,1
连去,1
远大于,1
远位,1
王艺惠,1
这间,1
这算,1
这篇,1
这要,1
玩全,1
这订,1
这辈子,1
这边儿,1
这近,1
这钱花,1
玩会水,1
进一步,1
进餐,1
进快,1
进房,1
玩不动,1
玩不上,1
玩下,1
进球,1
玛莎拉蒂,1
进程,1
玛格丽特,1
进门处,1
玩腻,1
玩购,1
瓶水,1
理直气壮,1
过头,1
理会,1
理他,1
球鞋,1
过好,1
过家家,1
过桥,1
班尼迪,1
过渡,1
珠三角,1
珊瑚,1
过用,1
过百,1
玻璃瓶,1
玻璃板,1
过要,1
玻璃房,1
过足瘾,1
过道,1
过错,1
过问,1
玲琅,1
迈酷,1
过太多,1
理睬,1
还算能,1
过元,1
瓶子,1
瓊瑩,1
边玩,1
璀璨,1
边角,1
边边,1
瑞华,1
瑜伽,1
边边角角,1
辽阔,1
达屋,1
达成,1
达疑,1
迂回,1
迄今,1
瑕不掩瑜,1
琼莹,1
琼英,1
琼琼,1
琼岛,1
琐碎,1
理论,1
过会,1
现金,1
迎宾馆,1
现煮,1
迎新,1
还会用,1
还会领,1
环园,1
环卫工人,1
还免,1
还出,1
还分,1
还发,1
还叠个,1
玩门,1
还怨,1
玩透,1
还换,1
还放,1
玩过去,1
还次,1
还水,1
玩边,1
还用,1
还用说,1
玩转,1
还算大,1
还算快,1
环境景观,1
环岛,1
环海,1
近乎,1
迎来,1
迎来送往,1
迎面,1
现烤,1
现房,1
运动鞋,1
现场表演,1
现哥,1
运输,1
现做,1
现价,1
还会会,1
现代化,1
近些年,1
近人,1
环礁,1
近几年,1
近十年,1
近点,1
返味,1
还乱,1
还价,1
足以,1
登场,1
登岛,1
请不起,1
请勿打扰,1
请教,1
真白,1
真火,1
真滴,1
真没想到,1
请求,1
真查,1
读书,1
课时,1
真材实料,1
真有,1
调低,1
调冷,1
真无语,1
调出,1
真挺,1
调到,1
调剂,1
调动,1
调味,1
真情,1
调在,1
请办,1
真真,1
说不来,1
真美,1
说不过去,1
眼皮子,1
说了算,1
说会,1
说出,1
说取,1
说声,1
眼巴巴,1
说太多,1
说得过去,1
说放,1
说查,1
说样,1
眼中,1
眼不见为净,1
说水,1
说点,1
说瞎话,1
真诚地,1
真让人,1
真要,1
说超,1
说辣,1
调房,1
调料,1
真恨,1
调查,1
贝壳类,1
贝尔,1
负有,1
负载,1
看要,1
贡献,1
财力雄厚,1
看缺,1
看称,1
责任感,1
责备,1
看秀场,1
账号,1
账目,1
货不对,1
货色,1
看电视,1
货量,1
质优价廉,1
看清楚,1
质朴,1
看放花,1
贪水,1
看门,1
豪爽,1
真不多,1
谦和,1
调试,1
真忘,1
谈恋爱,1
谈谈,1
谈起,1
谜底,1
真当,1
谢美印,1
真好玩,1
谢静,1
谭帮,1
豪放,1
豁然开朗,1
豆浆,1
真坏,1
豆腐,1
真假,1
真不高,1
豆腐渣工程,1
象征性,1
真不愧是,1
真不少,1
说不着,1
说不出来,1
购物券,1
石花,1
记忆里,1
记性,1
记着,1
讲水,1
石榴,1
石梅湾,1
石板路,1
石斑鱼,1
石斑,1
讲解员,1
短驳,1
短途旅行,1
讲述,1
许多次,1
短缺,1
短短,1
许明铃,1
短发,1
短假,1
许贵,1
知足,1
论水,1
知晓,1
记忆犹新,1
记得住,1
眼神,1
记好,1
硬卡,1
认认真真,1
认证,1
讨人喜欢,1
讨便宜,1
硕大,1
破防,1
破破烂烂,1
破破,1
破灭,1
讨回,1
让你玩,1
破口大骂,1
破产,1
让给,1
研究,1
码字,1
训练营,1
记不太住,1
记不太清,1
记不得,1
记号,1
记名字,1
知无不言,1
访问,1
评上,1
评个,1
该是,1
睡大觉,1
该楼,1
该添,1
该配,1
详细信息,1
详解,1
诧异,1
睁眼,1
着落,1
语言表达,1
误区,1
误打误撞,1
诱人,1
眼里,1
诱导,1
诱惑,1
诱骗,1
眼观四方,1
眼观六路,1
说不上,1
眼花缭乱,1
说不出,1
该店,1
该免,1
诡异,1
词汇量,1
知性,1
矛盾,1
瞭望,1
评到,1
评星,1
瞠目结舌,1
瞎说,1
评说,1
诊断,1
诊治,1
试一试,1
睡惯,1
睡觉时间,1
试住,1
试探,1
试试看,1
诚不欺,1
话分,1
话少,1
话管,1
话语,1
睡意,1
购娱,1
看才,1
足些,1
起舞,1
起诉,1
盛世,1
起路,1
起身,1
起飞时间,1
趁此机会,1
盘算着,1
趁现在,1
超五,1
盖章,1
盖浇饭,1
超六星,1
超前,1
盐浴,1
盆蛮,1
盆已,1
超大规模,1
盆友订,1
超少,1
皮肤过敏,1
皮肤病,1
超帅,1
皮肤,1
起见别,1
起红点,1
赶场子,1
起皮,1
直上直下,1
盲区,1
赶来,1
盯住,1
赶脚,1
赶走,1
目录,1
起价,1
起名叫,1
目光,1
起早,1
目之所及,1
目不转睛,1
起早贪黑,1
起晚,1
盥洗室,1
盛放,1
盛情,1
盛开,1
起步,1
起水,1
起泡,1
盛产,1
皮箱,1
超心,1
超暖,1
超暖心,1
白衣天使,1
白葡萄酒,1
白萝卜,1
白菜,1
白花钱,1
白花,1
超难,1
超高层,1
白等,1
白眼,1
白白浪费,1
越为,1
越到,1
白巧克力,1
白太风,1
越早,1
越来越少,1
白住,1
登门,1
登车,1
越高越,1
趋之若鹜,1
登峰造极,1
白衬衫,1
超远,1
白金卡,1
百玩,1
皮划艇,1
皆宜,1
皆大欢喜,1
超爽,1
超省,1
百问不烦,1
超级市场,1
百般,1
百米,1
超薄,1
百忙中,1
白领,1
百度,1
百年难遇,1
百家,1
百号,1
百去,1
百分百,1
百分之百,1
百分之十,1
百元,1
白马,1
赶庙会,1
赶场,1
看成,1
费时间,1
资方,1
看不过去,1
赔礼道歉,1
赔钱,1
赖不上,1
看不上,1
赖伟安,1
赖慧婷,1
看一遍,1
赚点,1
省顿,1
赞个,1
省略,1
赞先,1
赞叹,1
赞尼,1
省时,1
赞得,1
省妈,1
赞林辉,1
赞给,1
省下,1
盼望,1
费解,1
费时,1
赶在,1
看人,1
看得清,1
贴别,1
看得懂,1
看得出来,1
贴落,1
贵人,1
贵出,1
看官,1
看娃,1
贵太多,1
贵客,1
贵宾卡,1
看够,1
贵店,1
贵时,1
看园景,1
贵是,1
看后,1
看别,1
看做,1
贵重,1
费内,1
看人下菜,1
赠品,1
相逢,1
赠票,1
相送,1
相太,1
走遍,1
走道,1
相匹配,1
相册,1
走错,1
相伴,1
相互理解,1
相中,1
赵先生,1
直飞,1
赵大云,1
直观,1
直至,1
直线,1
直玩,1
直爽,1
赵睿方,1
赵辽萍,1
赶下,1
赶人,1
赶出去,1
赶只,1
走远,1
走过,1
走边,1
走上,1
相连接,1
相近,1
相辅相成,1
相较,1
相谈,1
赠送给,1
赢利,1
赢瑞,1
赤膊,1
赤裸裸,1
走下坡路,1
走走停停,1
相熟,1
走前,1
走太远,1
相提并论,1
相悖,1
走得,1
走心,1
走捷径,1
相差悬殊,1
走断,1
------,1
房得加,1
法餐,1
冲动,1
冰红茶,1
冰镇,1
冲上来,1
冲下来,1
冲凉,1
冲击,1
冲刺,1
冲剂,1
冲天,1
几遍,1
冲奶,1
冲散,1
冲水,1
冲淡,1
冲脚,1
决绝,1
冷光,1
冷哈,1
冰点,1
冰激淋,1
冰敷,1
冰块,1
再配,1
冒汗,1
冒雨,1
冗余,1
写下,1
写给,1
写错,1
农夫山泉,1
农家,1
农家院,1
冤枉,1
冤枉钱,1
冬令营,1
冬假,1
冬日,1
冰冻,1
冰凉,1
冷得,1
冷热,1
冷空气,1
减脂,1
几人,1
几包,1
几十秒,1
几千元,1
几场,1
几块钱,1
几塌,1
几小时,1
几层楼,1
几星,1
几楼,1
几步,1
几片,1
几百万,1
几百米,1
几秒,1
几罐,1
凝胶,1
减员,1
冷藏,1
减压,1
冷车,1
冷门,1
冷面,1
冷食,1
冷饮,1
凄惨,1
准可,1
凉台,1
凉怕,1
凉拌,1
凉晒,1
凉棚,1
凉水,1
凉爽,1
凉菜,1
减免,1
减分,1
再遇,1
再订,1
再能,1
兰州,1
共克,1
共有,1
共舞,1
共识,1
关不了,1
关了门,1
关健,1
关切,1
关圆,1
关在,1
关岛,1
关掉,1
关爱,1
关着,1
关窗,1
关系人,1
关系户,1
兰特,1
兮兮,1
兴致,1
六级,1
公认,1
公路,1
公闸,1
六七十,1
六七岁,1
六人,1
六位,1
六十岁,1
六号,1
六夜,1
六大,1
六是,1
六晚,1
六月,1
六月份,1
六次,1
六瓶,1
关键在于,1
兴趣不大,1
再续,1
内开,1
内涵,1
内线,1
冉冉升起,1
再下,1
再不然,1
再付,1
再关,1
再吐槽,1
再大,1
再好不过,1
再定,1
再接,1
再接再厉,1
再晚,1
再游,1
再现,1
再用,1
内景,1
内小,1
其他软件,1
内宾,1
其内,1
其囗而入,1
其实不然,1
其实难副,1
具体位置,1
具体情况,1
具全,1
具多,1
典型,1
养猪,1
养生,1
养鱼,1
兼拉,1
兼顾,1
内卷,1
内在,1
内地,1
几轮,1
几道,1
法棍,1
刻意,1
刷刷,1
刷单,1
刷屏,1
刷洗,1
刷遍,1
刺客,1
刺耳,1
刺鼻,1
刻板,1
凭刷,1
剃须刀,1
前三位,1
前五贵,1
前人,1
前俩,1
前几日,1
前夕,1
前多太多,1
刷个,1
制热,1
制气,1
制手,1
别去了,1
别吵,1
别干,1
别忘了,1
别无其他,1
别样,1
别犯,1
别话,1
别跟我,1
别选,1
别针,1
别错,1
到仁恒,1
到场,1
到手,1
到访,1
制定,1
前好,1
前查,1
前段时间,1
办个,1
功底,1
加一,1
加些,1
加付,1
加住,1
加倍,1
加剧,1
加勒比,1
加固,1
加定,1
加微,1
加抖音,1
加早,1
加档,1
加班,1
加糖,1
加订,1
办越,1
办不到,1
前水,1
劝过,1
前用,1
前菜,1
前要,1
前边,1
剔除,1
剥夺,1
剥落,1
剧组,1
剩余,1
剩菜,1
剪影,1
剪辑,1
副经理,1
割光,1
割破,1
割裂,1
力量,1
别去,1
别具一格,1
别住,1
出玩,1
出钱,1
出门儿,1
出门时,1
出高,1
刀片,1
刁难,1
分不清,1
分值,1
分内事,1
分割,1
分寸,1
分怕,1
分打,1
分数,1
分时,1
分是,1
分机,1
出生证明,1
出点,1
分段,1
出水,1
凭心,1
凸显,1
凹槽,1
出不来,1
出世,1
出个,1
出乎,1
出了名,1
出众,1
出入口,1
出具,1
出动,1
出区,1
出发地,1
出园,1
出手,1
出毛病,1
分析,1
分泌,1
利索,1
刚刚开始,1
刚开,1
刚抬,1
刚换,1
刚看,1
刚要,1
刚间,1
刚阳康,1
初七,1
初三,1
初体验,1
初八,1
初到,1
初恋,1
初时,1
初步,1
初级,1
初衷,1
刚带,1
刚停,1
分派,1
刚一,1
分片,1
分等级,1
切换,1
划个,1
划伤,1
划分,1
划得来,1
划掉,1
划过,1
列举,1
列出来,1
刘庆,1
刘开宇,1
刘彤彤,1
刘总,1
刘艳芬,1
则安之,1
公斤,1
公摊面积,1
公式化,1
体质,1
低频,1
住丽思,1
住够,1
住惯,1
住所,1
住本,1
住超,1
佐领,1
体里,1
公布,1
何为,1
何先生,1
何廷锴,1
何彬,1
何时何地,1
余下,1
余地,1
余家,1
低端,1
低烧,1
低消,1
低档,1
但人会,1
但别,1
但取,1
但够,1
但定,1
但浪,1
但确,1
但纯,1
但重,1
位上,1
位数,1
低于,1
低些,1
低头,1
低幼,1
低廉,1
低收入,1
佛卡恰,1
佛系,1
作书,1
侥幸,1
侧景,1
侧身,1
侧边,1
侵犯,1
便于管理,1
便利店,1
便订,1
促销,1
促销价,1
俄语,1
俗不可耐,1
俗称,1
俗话说,1
保存,1
保守,1
保安人员,1
保护措施,1
侧头,1
依然如故,1
作息,1
供餐,1
作罢,1
你付,1
你们好,1
你头,1
你好,1
佳芮,1
佼佼者,1
使人,1
使命,1
使用率,1
使馆,1
侄女,1
例假,1
例外,1
例行,1
供应量,1
供用,1
似火,1
伸进,1
伸脚,1
企业家,1
伏案,1
休息厅,1
休息室,1
休息日,1
休息时间,1
休闲型,1
众众,1
优于,1
优好,1
优惠价格,1
伙食,1
会二刷,1
会亲,1
会人,1
会儿,1
会冲,1
会加,1
伊莎贝尔,1
仿若,1
会卖,1
份量,1
以带,1
以水为,1
以表,1
以西,1
以防,1
以顺丰,1
仪表,1
价了,1
价值观,1
价又加,1
价差,1
价廉物美,1
价格低,1
价补,1
任劳任怨,1
任地,1
任玩,1
会单,1
会多,1
伴有,1
会贵,1
会超,1
会越,1
会连住,1
会长,1
伞亭,1
伞区,1
伟豪,1
传奇,1
传来,1
传染,1
传统意义,1
传过来,1
传递,1
伤情,1
伯爵,1
伴侣,1
伴唱,1
会赠,1
会记,1
会多住,1
会议,1
会定,1
会少,1
会展,1
会帮,1
会常来,1
会想,1
会慢,1
会拉低,1
会接,1
会来,1
会漏,1
会玩到,1
会省,1
会籍,1
会续,1
会花点,1
会订,1
保温,1
保温箱,1
保险柜,1
光待,1
光明正大,1
光环,1
光膀子,1
光速,1
光靠,1
免不了,1
免加床,1
免升,1
免提,1
免税商店,1
免谈,1
免责,1
免费参观,1
免费网,1
免除,1
兔年,1
兜售,1
光怪陆离,1
光彩夺目,1
入场证,1
光在,1
先为,1
先买,1
先传,1
先关,1
先写,1
先加,1
先后顺序,1
先吸,1
先定,1
先带,1
先帮,1
先打,1
先拍,1
先搁,1
先讲,1
先锋,1
先麻溜地,1
入世,1
入微,1
充数,1
全身,1
全麦,1
八九,1
八九岁,1
八十岁,1
八千多,1
八号,1
八岁,1
八月,1
八次,1
八百,1
公交,1
公交站,1
公众,1
公共交通,1
公告,1
公婆,1
公安系统,1
全过程,1
全能型,1
入户门,1
全称,1
入水后,1
入迷,1
全体人员,1
全军覆没,1
全力以赴,1
全国性,1
全场,1
全季,1
全完,1
全托,1
全换,1
全无,1
全日,1
全有,1
全玩,1
全看,1
全票,1
先不说,1
充忙,1
保险箱,1
倒闭,1
候鸟,1
借出去,1
借完,1
借来,1
倩倩,1
值得尊敬,1
值钱,1
倾向,1
倾慕,1
假以,1
假期作业,1
偏凉,1
偏大些,1
偏差,1
偏弱,1
偏旧,1
偏爱,1
倒霉,1
倒胃口,1
做不了,1
倒数,1
保鲜膜,1
信价,1
信后,1
信将,1
信心,1
信息卡,1
信服,1
信用卡,1
信誓旦旦,1
俩位,1
修个,1
修到,1
修图,1
修复,1
修灯,1
修路,1
修饰,1
偏离,1
做人,1
充分准备,1
傻傻的,1
像家,1
僵尸,1
僵硬,1
儿女,1
儿干,1
儿科,1
儿童座椅,1
儿童玩具,1
儿童票,1
儿风,1
允悲,1
元券,1
元加,1
元大,1
元旦节,1
兄妹俩,1
充了,1
傻站,1
傻乎乎,1
做作业,1
傲气,1
做法,1
做点,1
做生意,1
做过,1
停不下,1
停停,1
停到,1
停园,1
停水,1
停过,1
偶然,1
偷懒,1
偷窥,1
催债,1
催命,1
催处,1
催问,1
加钱换,1
务必,1
务求,1
告别,1
吵觉,1
吵起来,1
吸烟区,1
吸球外,1
吸音,1
吹个,1
吹牛,1
呆坐,1
告示牌,1
可送,1
员帮,1
周六日,1
周密,1
周少辉,1
周永刚,1
周永康,1
周游,1
周焕晨,1
吵死,1
吵吵闹闹,1
吵吵,1
吴小姐,1
向钱看,1
吓死,1
吕佰朔,1
君主,1
吝啬,1
吞吐量,1
否认,1
含泪,1
含着,1
含量,1
听取,1
听后,1
听歌,1
听浪,1
听错,1
启动,1
吴兴人,1
周绍容,1
周让,1
周郑,1
咕咚咕咚,1
咖啡色,1
咚咚,1
咨询台,1
咫尺之遥,1
咬满,1
咯吱咯吱,1
咯噔,1
咱家,1
咳嗽,1
咸淡适中,1
咸菜,1
咸饭,1
咽下,1
咽不下,1
品有,1
品相,1
品类繁多,1
咖啡渍,1
和鸿森,1
味汁,1
和面,1
味熏,1
味觉,1
味重,1
呼吸科,1
呼唤,1
呼朋唤友,1
命丧,1
命令,1
咋样,1
和培,1
和小红,1
和平,1
和平解决,1
和暖,1
和秀场,1
和续,1
和谐,1
向往已久,1
向前,1
向仁恒,1
吃螃蟹,1
吃面,1
各不相同,1
各住,1
各去,1
各国,1
各就各位,1
各方,1
各有,1
各有千秋,1
各有所长,1
各条,1
各色各样,1
合吃,1
合并,1
合理要求,1
合着,1
合胃口,1
吃货,1
吃苦耐劳,1
吉利,1
吃水,1
台上,1
台下,1
台少,1
台席,1
台湾,1
台站,1
台铺,1
史上,1
右舍,1
号子,1
号房,1
号码,1
号订,1
司康,1
叽叽,1
吃不起,1
吃力,1
合身,1
吉影,1
向丽思,1
名牌,1
后关,1
后勤,1
后台,1
后处理,1
后巾类,1
后果,1
后水,1
后知后觉,1
后经,1
后能,1
后苦,1
后调,1
后边,1
后退,1
后门,1
吐脏,1
向上,1
名誉,1
名信片,1
吉石珍,1
名为,1
吉祥,1
吉祥如意,1
吉祥物,1
同一天,1
同乡,1
同享,1
同价,1
同住,1
同名同姓,1
同庆,1
同形,1
同情心,1
同期,1
同档,1
同档次,1
同级,1
同色系,1
品项,1
哄抢,1
哇哇,1
回拨,1
回订,1
回过,1
回过头来,1
回问,1
回音,1
回首,1
因人,1
因带,1
因是,1
因脚,1
因要,1
因该,1
团体,1
团客,1
团建,1
团游,1
团结一致,1
回绝,1
回报,1
囤券,1
回想起来,1
四次,1
四说,1
四轮,1
四遍,1
四道,1
四间房,1
四面,1
四面八方,1
回住,1
回再,1
回力,1
回升,1
回味,1
回声,1
回头率,1
回归,1
回忆起,1
团结友爱,1
园地,1
四是,1
图纸,1
圆满解决,1
圆规,1
圈儿,1
圈圈,1
圈才,1
圈粉,1
圈起来,1
土味,1
土土,1
土豆,1
圣亚,1
圣母,1
在丽思卡,1
在手,1
在此期间,1
地位,1
地先,1
圆满完成,1
图片链接,1
园子,1
图片吧,1
园林景观,1
园里,1
困到,1
困惑,1
困摄,1
围上来,1
围挡,1
固定座位,1
固态,1
国内游,1
国宝,1
国粹,1
国际级,1
图三,1
图三为,1
图文并茂,1
图案,1
四月,1
四早,1
哇噻,1
唯此,1
商户,1
商标纸,1
商超,1
商铺,1
啥子,1
啥样,1
啧啧,1
啸叫,1
喂瑶鱼,1
善于,1
喉咙,1
喊一声,1
喊人,1
喊叫,1
喊叫声,1
喜出望外,1
喜剧,1
商业区,1
售票处,1
喜棒,1
售价,1
哈姆雷特,1
哈密瓜,1
哈尔滨,1
哑巴亏,1
哥们,1
哦哦哦,1
哪些项目,1
哪办,1
哪快,1
哪有什么,1
哪点,1
哭声,1
哭笑不得,1
哭要,1
唐梦琦,1
唤醒,1
唧唧,1
喜悦,1
喜珍,1
四方,1
嘉佩,1
嘴唇,1
嘴巴,1
嘴甜,1
嘴里,1
嘿哈,1
器具,1
器械,1
囚笼,1
四件套,1
四倍,1
四分,1
四十,1
四千,1
四千块,1
四场,1
四块,1
四川人,1
嘲笑,1
嘈点,1
喜闻乐见,1
嘀嘀,1
喝一杯,1
喝凉,1
喝咖啡,1
喝喝,1
喝奶,1
喝掉,1
喝旺仔,1
喝汤,1
喝软,1
喷出,1
喷到,1
喷水,1
嗅觉,1
嗓音,1
嗜睡,1
嗷嗷,1
嗷嗷待哺,1
可香,1
可贵,1
劣势,1
半面,1
半块,1
半岛,1
半左右,1
半才,1
半打,1
半步,1
半路,1
半路上,1
华厦,1
可谈,1
华尔道,1
华而不实,1
华联,1
单人床,1
单付,1
单住,1
单体,1
单出,1
半句,1
半侧,1
午间,1
午睡,1
千万家,1
千住,1
千八百,1
千净,1
千古,1
千叮咛万嘱咐,1
千块,1
千左右,1
千差万别,1
千把,1
千步,1
千里迢迢,1
升个,1
升舱,1
午夜,1
午夜凶铃,1
午市,1
单名,1
单床,1
单方,1
占点,1
卡住,1
卡其色,1
卡去,1
卡士,1
卡点,1
卡脏,1
卡龙,1
卢传逸,1
卫生员,1
卫生巾,1
卫生死角,1
卫生纸,1
印儿,1
印花,1
印记,1
印证,1
即便如此,1
占足,1
占地,1
单点,1
占兴云,1
单看,1
单薄,1
单说,1
单身,1
单进,1
单配,1
卖完,1
卖柜,1
卖票,1
南侧,1
南向,1
南山寺,1
南方,1
南方人,1
南边,1
博鳌,1
占个,1
十步,1
十楼,1
十来,1
勿扰,1
包全,1
包吃包住,1
包子,1
包子铺,1
包容,1
包容性,1
包早,1
包票,1
包耍,1
包艇,1
包落,1
包装,1
包裹,1
化妆镜,1
化险为夷,1
北京动物园,1
北戴河,1
包上,1
勤勤恳恳,1
北路,1
勤劳,1
动力,1
动力伞,1
动员,1
动态,1
动手,1
动手做,1
动画片,1
动脉,1
助力,1
助手,1
努力做到,1
努力提高,1
劳动,1
劳动节,1
势必,1
勇士,1
勤力,1
北极熊,1
北面,1
十条,1
十倍,1
十几天,1
十几家,1
十几年,1
十几次,1
十几瓶,1
十几秒,1
十几遍,1
十几部,1
十分之一,1
十分关心,1
十分迅速,1
十多个,1
十多辆,1
十岁,1
十年,1
十年间,1
十星级,1
十几,1
十五岁,1
匠心,1
十二时,1
匪夷所思,1
区会,1
区别对待,1
区办,1
区域规划,1
区选,1
医务人员,1
医护人员,1
医疗,1
十一个,1
十一天,1
十一层,1
十一岁,1
十一月份,1
十万八千里,1
十万多,1
十个,1
即视感,1
即贵,1
卷发,1
受限,1
变好,1
变小,1
变差,1
变形,1
变故,1
变浅,1
变装,1
叠叠,1
叠放,1
口人,1
口令,1
口口声声,1
口号,1
口吐,1
口吻,1
口味重,1
口气,1
变天,1
受苦,1
口置,1
受益匪浅,1
发黄,1
取决,1
取决于,1
取出,1
取到,1
取暖器,1
取电,1
取缔,1
取胜,1
取自,1
取药,1
取货,1
取送,1
取门卡,1
受气,1
受用,1
受疫,1
口水,1
口袋,1
发顺,1
叫鸿森,1
叮咬,1
可不,1
可买,1
可亲,1
可以信赖,1
可口可乐,1
可否,1
可太,1
可想,1
可换,1
可控因素,1
可敌,1
可比性,1
可玩到,1
可玩度,1
可看,1
可看性,1
叮叮,1
叫晓雪,1
口里,1
叫奈苏,1
古老,1
另一家,1
另加,1
另有,1
只举,1
只坑,1
只得,1
只怪,1
只换,1
只玩到,1
只管,1
只能靠,1
只选,1
叫住,1
叫停,1
叫喊,1
叫园,1
发飙,1
发送信息,1
卷子,1
原料,1
原气,1
原片,1
原生,1
原生态,1
原野,1
厦门,1
厨子,1
厨师长,1
厨艺,1
去一趟,1
去不去,1
去关,1
去处,1
去海,1
去雨里,1
县级市,1
参半,1
原样,1
原房续,1
又帅,1
原始,1
卷筒纸,1
卷起,1
卷饼,1
厅堂,1
厅里,1
历史,1
历来,1
压压,1
压根儿,1
压缩,1
厌烦,1
厚意,1
厚道,1
原两,1
原价,1
原全,1
原则,1
参差,1
叉子,1
发达,1
反锁,1
发出,1
发卡,1
发图,1
发在,1
发射,1
发挥,1
发没,1
发炎,1
发生意外,1
发短信,1
发给你,1
发表,1
发觉,1
发言,1
发财,1
发起,1
发车,1
反问,1
反观,1
叉烧,1
反臭,1
及佳,1
及全,1
及见意,1
友好度,1
友爱,1
双人床,1
双人间,1
双刃剑,1
双坏,1
双水,1
双环,1
双胞胎,1
双节,1
双馆,1
反光,1
反反复复,1
反胃,1
以姓,1
以供,1
以会,1
jw,1
jerry,1
jessi,1
ji,1
jia,1
jim,1
jin,1
jiu,1
jud,1
keeping,1
TT,1
kg,1
kids,1
king,1
kitchen,1
kyra,1
lamer,1
laura,1
left,1
jenny,1
jailene,1
isable,1
isabella,1
go2,1
gordon,1
hai,1
hanna,1
hapoy,1
hardy,1
heshiw,1
hi,1
honey,1
hotel,1
house,1
housekeeping,1
iPad,1
iPhone,1
ila,1
ina3,1
iris,1
leila,1
leon,1
level,1
nicoel,1
nies,1
night,1
no,1
normal,1
npc,1
npy,1
occupied,1
omg,1
omi,1
one,1
overall,1
overrated,1
paddy,1
pale,1
paris,1
park,1
part,1
niec,1
nico,1
lever,1
nia,1
lg,1
lily,1
linda,1
list,1
lna,1
louise,1
love,1
lsable,1
lsebel,1
lucky666,1
meyco666,1
michael,1
minbar,1
minicamp,1
moon,1
motel,1
neveah,1
girl,1
free,1
four,1
Xie,1
Yin,1
Yoyo,1
ZN,1
Zheng,1
Zoe,1
Zoie,1
again,1
aileen,1
ale,1
andy,1
apple,1
balabala,1
bb,1
bear,1
billie,1
biubiu,1
bsk,1
Yes,1
Winson,1
buffet,1
Wii,1
Tom,1
Travis,1
Turbo,1
USB,1
Upup,1
Venom,1
Victoria,1
Vilebrequin,1
Vito,1
WANG,1
WIFI,1
WILL,1
WOW,1
WX,1
Wei,1
Wendy,1
Wifi,1
bty,1
bug,1
five,1
disney,1
dou,1
dragon,1
drink,1
drop,1
edition,1
em,1
emm,1
emmm,1
emmmmm,1
enjoy,1
erita,1
escort,1
esp,1
expectation,1
express,1
family,1
fastpss,1
dong,1
der,1
carrot,1
definitely,1
catherine,1
cathy,1
cdf,1
chIoeG,1
chang,1
cheery,1
cherey,1
chihiro,1
chloe,1
ci,1
cici,1
cky,1
colin,1
cp,1
cream,1
cucumber,1
dana,1
pink,1
pipi,1
pisa,1
一地水,1
一坨,1
一大截,1
一大跳,1
一天两天,1
一好,1
一客,1
一室,1
一小块,1
一小部分,1
一左一右,1
一帮,1
一幢,1
一座,1
一待,1
一心,1
一心一意,1
一想,1
一场空,1
一地,1
一扫而空,1
一团,1
一例,1
一准,1
一分为二,1
一切办法,1
一刻起,1
一刻钟,1
一千多块,1
一半分,1
一半左右,1
一厅,1
一发,1
一号,1
一吃,1
一向,1
一呆,1
一呼,1
一哥,1
一扇,1
一抬眼,1
一以贯之,1
一点一点,1
一生一世,1
一留,1
一瘸一拐,1
一百,1
一百五十,1
一百分,1
一百样,1
一盘散沙,1
一秒钟,1
一空,1
一端,1
一笔,1
一算,1
一类,1
一线品牌,1
一肚子气,1
一肚子火,1
一班,1
一炖,1
一抹,1
一溜烟,1
一拉,1
一拖二,1
一挤,1
一撇,1
一收,1
一改,1
一文不值,1
一旁,1
一板,1
一架,1
一查,1
一档,1
一款,1
一步到位,1
一汤,1
一清早,1
一湿,1
一伸,1
一人排,1
plus,1
six,1
suit,1
superfood,1
surprise,1
ta,1
there,1
tikii,1
tong,1
tsianiy,1
tutu,1
tv,1
two,1
upup,1
usb,1
vi,1
victoria,1
vs,1
vvip,1
spg,1
side,1
water,1
shoppingmall,1
popmart,1
porterhouse,1
ramsay,1
ray,1
real,1
sad,1
sales,1
sam,1
sao,1
schedule,1
sea,1
serena,1
service,1
set,1
seven,1
shiI,1
shopping,1
wang,1
welcome,1
一人份,1
一两只,1
一两点,1
一个三岁,1
一个两岁,1
一个亿,1
一个劲地,1
一个半月,1
一个双,1
一个四岁,1
一个多月,1
一个巴掌拍不响,1
一个排,1
一个点,1
一个舒服,1
一个角,1
一为,1
一二十厘米,1
一交,1
一两岁,1
一两下,1
westin,1
一两,1
what,1
will,1
wine,1
winnie,1
xixi,1
yeah,1
yuki,1
zach,1
zero,1
zhang,1
zo,1
一一列举,1
一万七千多,1
一万倍,1
一万句,1
一丝,1
一丝不挂,1
Tips,1
TM,1
一脱,1
46130,1
4200,1
428,1
4338,1
4488,1
4500,1
45109,1
4588,1
45F,1
4688,1
TK,1
5.1,1
5.25,1
5.6,1
50%,1
50211,1
5100,1
51213,1
51219,1
41218,1
408,1
40114,1
40110,1
3088,1
318,1
3188,1
3288,1
3488,1
360,1
36230,1
368,1
3700,1
37131,1
380,1
3900,1
39111,1
399,1
4.5,1
4.8,1
40%,1
5200,1
52117,1
52119,1
7700,1
7x24,1
8.5,1
8.8,1
9.30,1
90%,1
9000,1
95%,1
AHAWA,1
AHa,1
ALISA,1
ANDREW,1
ATLANTIS,1
Ahava,1
Ailsa,1
Alex,1
Allison,1
Ambe,1
78,1
758,1
54,1
700,1
555,1
5800,1
5A,1
5am,1
5k,1
6.1,1
6.5,1
6000,1
6119,1
6223,1
65,1
6666,1
6666666666666666666,1
668,1
6688,1
6900,1
6k,1
308,1
300RMB,1
3.5,1
11107,1
119,1
120cm,1
12315,1
126.127,1
1299,1
1334,1
138,1
14.10,1
1400,1
14000,1
15.8,1
1600,1
179,1
1800,1
188,1
1899,1
18F,1
117,1
111,1
1994,1
10am,1
.......,1
........,1
......................,1
0.2,1
05,1
07189,1
0K,1
1.1,1
1.298,1
1.6,1
101,1
105,1
1058,1
108,1
108800,1
109,1
10W,1
199,1
1F,1
3.30,1
25.26,1
2553,1
25w,1
260,1
268,1
2688,1
2788,1
280,1
2880,1
290,1
292,1
299,1
2K,1
2h,1
2km,1
3.15,1
3.18,1
3.26,1
250,1
248,1
1k,1
24678,1
1v1,1
1w2,1
2.0,1
2.10,1
2.45,1
2.5,1
20%,1
202,1
2020.8,1
2023,1
2088,1
20min,1
2288,1
230,1
2300,1
238,1
2400,1
Amber,1
Angelia,1
Ashely,1
Miya,1
Mr,1
NADS,1
NO,1
NO.1,1
NaDa,1
Nataba,1
Neil,1
NetSu,1
NiCole,1
Nichol,1
Nick,1
Nico,1
No,1
No1,1
Noah,1
Npc,1
Olivia,1
Moment,1
Mike,1
Oscar,1
Medco,1
LVY,1
LaDa,1
Leila,1
Liao,1
Lillian,1
Lobby,1
Louisa,1
Lounge,1
Low,1
Lucka,1
Luke,1
Lynn,1
MAI,1
MINIBAR,1
MO,1
May,1
Mayco,1
Omi,1
Osccar,1
LI,1
SWEETY,1
SaLLy,1
Sabrina,1
SallyLi,1
Sam,1
Sandra,1
Seven,1
Steve,1
Stokke,1
Street,1
Summer,1
Sun,1
Sunny100,1
Switch,1
T0,1
TELY,1
TERRY,1
TIKKI,1
SWeety,1
SUTI,1
PLUS,1
SUNNY,1
POPMART,1
POS,1
PPMM,1
PR,1
Pairs,1
Paris,1
Quanika,1
R2,1
Reception,1
Reece,1
Rita,1
Ro,1
Rose,1
Rudy,1
SAM,1
SOSO,1
SPG,1
LISA,1
Kristen,1
Asuna,1
Cici,1
DAViS,1
DAvis,1
DIMOO,1
Daisy,1
Daivs,1
Danie,1
Danny,1
Daoshan,1
Davies,1
Debbie,1
Dfs,1
Dilys,1
Dubai,1
EI,1
EIIa,1
EILeen,1
ELLa,1
Crab,1
Chris,1
EVAN,1
Chloeag,1
BB,1
BOSS,1
BREAD,1
BTW,1
BUT,1
Beyond,1
Billie,1
Biubiu,1
Bob,1
BsK,1
CHEN,1
CHERRY,1
CINDY,1
CO,1
Cao,1
Charles,1
Cheery,1
ERITA,1
Edition,1
Kitchen,1
IRIS,1
IVY,1
Ian,1
Ice,1
Idea,1
Ipad,1
JACK,1
Jadaon,1
Jeanie,1
Jim,1
Joyce,1
KAYLE,1
KITTY,1
Kakki,1
Kara,1
Kelly,1
Ken,1
KiKi,1
IT,1
Housekeeping,1
Eileens,1
Hours,1
Eille,1
Enjoy,1
F3,1
Felicia,1
GOOD,1
Gary,1
Gavin,1
Grace,1
HAIF,1
HAIFEI,1
HaiFei,1
Harden,1
Hardy,1
Hedy,1
Heidi,1
Hermando,1
Hotel,1
一股脑,1
一脸茫然,1
令带,1
买房,1
书桌,1
书面,1
书面通知,1
买一送一,1
买不出,1
买不起,1
买到,1
买卖,1
买手机,1
中产,1
买菜,1
买速通,1
乱杂,1
乱炖,1
乱穿,1
乱窜,1
乱转,1
乳猪,1
乡下,1
习性,1
习习,1
乞丐,1
乐疯,1
乐而忘返,1
乐速,1
乐速通,1
乔宇会,1
乔宇加,1
乔宇后,1
乔治,1
乘兴而来,1
乘凉,1
乘着,1
乘飞机,1
九个,1
九十,1
九十多,1
九天,1
九成,1
了丽思,1
了倩倩,1
争吵,1
二手烟,1
于仁恒,1
于心,1
亏了,1
云南,1
云吞,1
云泥之别,1
云淡风轻,1
互不,1
互助,1
互相帮助,1
互相推诿,1
互相理解,1
互通,1
五六,1
五六天,1
五六家,1
五六日,1
二老,1
二年级,1
争抢,1
二岁,1
事发,1
事实上,1
事问,1
二两,1
二份,1
二位,1
二出,1
二十九,1
二十几分钟,1
二十几度,1
二十周年,1
二十四,1
二十块,1
二十多家,1
二号,1
二娃,1
二层,1
乐曲声,1
乐曲,1
乐意,1
中评,1
中送,1
中间人,1
中高层,1
丰富性,1
丰巢,1
丰帮,1
丰满,1
临时工,1
临水,1
临睡前,1
临退,1
临门一脚,1
丹姐,1
为亚兰,1
为准,1
为客,1
为水,1
中转站,1
中规,1
为识,1
中老年人,1
中学,1
中学毕业,1
中层,1
中居,1
中差,1
中带,1
中年,1
中快,1
中想,1
中拿取,1
中提,1
中文,1
中断,1
中是,1
中来,1
中段,1
中玩得,1
为证,1
为馆,1
乏沉,1
之声,1
之实,1
之家,1
之差,1
之快,1
之情,1
之感,1
之水,1
之王,1
之用,1
之眼,1
之越,1
之跃爽,1
之际,1
乌七八糟,1
乌贼,1
乌龙,1
乏味,1
之多,1
之士,1
主业,1
之喜,1
主任,1
主体,1
主动性,1
主导,1
主角,1
丽兹,1
丽女,1
举个,1
举止,1
久仰,1
久住,1
久办,1
久违,1
之上,1
之中,1
之分,1
之初,1
五六百,1
五六百米,1
五分之一,1
人蛮,1
人进,1
人迹罕至,1
人避,1
人长,1
人问,1
人间天堂,1
人鱼秀,1
亿万,1
仁恒好,1
仁恒差,1
仁恒金,1
仅开,1
今天天气,1
今年冬天,1
今年年底,1
今早,1
今生今世,1
人行,1
人类,1
仍旧会,1
人真多,1
人撞,1
人敢,1
人文环境,1
人机,1
人杂,1
人来查,1
人来演,1
人桌,1
人气值,1
人气儿,1
人浮于世,1
人海战术,1
人淋着,1
人满房,1
人特,1
人特好,1
人略,1
介入,1
从何,1
人才,1
仙境,1
代入,1
代加工,1
代取,1
代叫,1
代号,1
代夫,1
代收,1
代泊,1
代玩,1
代金券,1
代餐,1
令人不解,1
令人兴奋,1
令人恶心,1
令人感动,1
令人激动,1
令人窒息,1
代价,1
付得,1
从何下手,1
付寄到,1
从刚,1
从外,1
从头至尾,1
从带,1
从晓然,1
仓皇,1
仔水,1
仔细听,1
他俩,1
他加,1
他太多,1
他太忙,1
他太赞,1
他方,1
他爸,1
他超,1
付丽女,1
人接,1
人意,1
五到,1
亚斯,1
亚蒂,1
亚迪,1
些小,1
交个,1
交叉,1
交回,1
交帮,1
交待,1
交接,1
交易,1
交涉,1
交还,1
交通枢纽,1
交错,1
产业,1
产业链,1
产前,1
亚特兰大,1
亚当,1
亭子,1
亚店,1
五十,1
五合,1
五官,1
五层,1
五年,1
五彩,1
五彩斑斓,1
五是,1
五月,1
五月份,1
五金件,1
五颜六色,1
井然,1
亚克,1
亚兰,1
亚大,1
亚太,1
京郊,1
亮丽,1
人忙,1
人吐槽,1
人员配备,1
人哇,1
人团餐,1
人士,1
人外,1
人多下,1
人多且,1
人多乱,1
人多后,1
人多得,1
人多而杂,1
人太好,1
人太少,1
人头,1
人婷,1
人少水,1
人影,1
人员培训,1
人口,1
亲切服务,1
人双床,1
亲戚,1
亲戚朋友,1
亲朋好友,1
亲水,1
亲游,1
亲身经历,1
人一,1
人不太,1
人不带,1
人不来,1
人之常情,1
人于,1
人亲,1
人住,1
人住量,1
人儿,1
人到,1
中介,1
丫鬟,1
一艘,1
上错,1
上涨,1
上级,1
上线,1
上虞,1
上要,1
上起,1
上身,1
上进心,1
上门来,1
个星,1
上餐,1
下不去,1
下个月,1
下为,1
下会,1
下像,1
下半场,1
下周,1
上浮,1
上泳,1
上桌,1
上有老,1
上个月,1
上乘,1
上交,1
上人少,1
上位,1
上半场,1
上发,1
上场,1
上定,1
上层,1
上差,1
上张,1
上当受骗,1
上往,1
上手,1
上放,1
上方,1
下咽,1
下头,1
下巴,1
不乏,1
不予,1
不予理睬,1
不人会,1
不付,1
不会错,1
不作美,1
不修,1
不假思索,1
不偏不倚,1
不公,1
不准,1
不减,1
不出去玩,1
不出意外,1
不加奶,1
不华,1
不卑不亢,1
不买,1
不一祥,1
下帮,1
下降时,1
下床,1
下才,1
下文,1
下显,1
下架,1
下榻,1
下浮,1
下游,1
下滑,1
下着雨,1
下腰,1
下菜,1
下订,1
下载安装,1
下连住,1
下锅,1
下错,1
上个,1
上下车,1
上万,1
七八天,1
七八百,1
七十多岁,1
七夕,1
七宗罪,1
七层,1
七岁,1
七晚,1
七楼,1
七次,1
七百多,1
万人,1
万分感激,1
万吨,1
万年,1
万把块,1
万能,1
万达,1
七八次,1
七八十,1
三万,1
七八分钟,1
一见,1
一言不合,1
一说,1
一贯,1
一赞,1
一车,1
一过,1
一进店,1
一通,1
一队,1
一阵子,1
一阶,1
一齐,1
丁洋,1
七个,1
七八,1
七八个,1
丈夫,1
三亚市,1
三颗,1
三多,1
三天三夜,1
三妹,1
三宝,1
三层,1
三张,1
三思,1
三思而后行,1
三日,1
三更半夜,1
三月,1
三月份,1
三检,1
三波,1
三百块,1
三种,1
三观,1
三道,1
三夜,1
三处,1
三件,1
三圈,1
三六九等,1
三分之一,1
三分之二,1
三十几块,1
三十分钟,1
三千多块,1
三号,1
三四,1
三四五次,1
三四倍,1
三四天,1
三四岁,1
三四样,1
三四次,1
三四点,1
三四百,1
三回,1
不卖,1
不可否认,1
不可理喻,1
东南方,1
东奔西跑,1
东方,1
东海,1
东面,1
丢到,1
丢弃,1
两万,1
两万步,1
两三点,1
两不误,1
两人份,1
两人桌,1
两件事,1
两侧,1
两倍,1
两包,1
两千块,1
东南西北,1
东到,1
两回事,1
东倒西歪,1
不鸟,1
专业性,1
专场,1
专注,1
专程到,1
专给,1
且会,1
且订,1
世上,1
世界之窗,1
世贸,1
世面,1
业主,1
业态,1
业界,1
业绩,1
东东,1
两千多块,1
两场,1
不间断,1
两组,1
两袋,1
两道,1
两道菜,1
两颗,1
两餐,1
严先生,1
严寒,1
严时,1
严格要求,1
严谨,1
严赵,1
严重不足,1
丧心病狂,1
个人电脑,1
个位数,1
个华夫,1
个子,1
两节课,1
两级,1
两壶,1
两箱,1
两头,1
两娃来,1
两季,1
两小中,1
两小只,1
两小后,1
两小在,1
两小定,1
两条路,1
两杯,1
两根,1
两步,1
两百,1
两百块,1
两百多,1
两盒,1
两碗,1
不骂,1
不长,1
不吃不喝,1
不尴不尬,1
不屑,1
不幸,1
不忙,1
不思大,1
不情,1
不惯,1
不慎,1
不成问题,1
不报,1
不抱,1
不拘小节,1
不挂,1
不换,1
不放,1
不散,1
不断进步,1
不时之需,1
不尽人意,1
不妥,1
不晒,1
不如意,1
不喜,1
不回,1
不堵,1
不堵车,1
不多加,1
不多时,1
不够看,1
不大行,1
不太上,1
不太够,1
不太大,1
不太想,1
不太给力,1
不太能,1
不太订,1
不好不坏,1
不好受,1
不明,1
不查,1
不错呀,1
不能自己,1
不良影响,1
不补,1
不装,1
不订,1
不许,1
不负责任,1
不贵且,1
不输,1
不输于,1
不辞辛苦,1
不辣,1
不过如此,1
不远处,1
不适感,1
不遗余力,1
不铺,1
不锈钢,1
不良反应,1
不胜枚举,1
不柴,1
不胜其烦,1
不淡定,1
不热,1
不熟,1
不甘,1
不甘示弱,1
不留,1
不瘟不火,1
不相干,1
不相称,1
不眠之夜,1
不短,1
不硬,1
不离手,1
不称,1
不算什么,1
不算数,1
不细,1
地多,1
地广人稀,1
地段,1
撒欢,1
摩擦,1
摩登,1
摩肩接踵,1
摸熟,1
摸鲸,1
撂下,1
撒尿,1
撒撒,1
撕开,1
掉落在,1
撕掉,1
撤出,1
撤回,1
撤掉,1
撺掇,1
操刀,1
擦屁股,1
擦次,1
摩托车,1
摔门,1
摔破,1
摔伤,1
搬动,1
搬开,1
搬运工,1
搭个,1
搭电,1
携家带口,1
摄像,1
摆个,1
摆件,1
摆满,1
摆烂,1
摆盘,1
摇摇欲坠,1
摇晃,1
摇滚,1
摊下来,1
摊鸡蛋,1
擦破,1
支回,1
支撑,1
改成,1
改造,1
放上,1
放不下,1
放人,1
放任,1
放入,1
放出,1
放卡,1
放大镜,1
放好,1
放寒假,1
放心大胆,1
放新,1
放映厅,1
放点,1
放眼望去,1
放纵,1
改日,1
改口说,1
支支吾吾,1
改动,1
支数,1
支洲岛,1
收入,1
收卡,1
收台,1
收回,1
收完,1
收寄,1
收快,1
收据,1
收掉,1
收款,1
收着,1
收货,1
收银台,1
收错,1
改到,1
搬到,1
搬下去,1
搞钱,1
排除万难,1
探店,1
探班,1
接人,1
接侍,1
接地,1
接客,1
接待厅,1
接待客人,1
接待室,1
接替,1
接来,1
接管,1
接线员,1
接续,1
接诊,1
接轨,1
控就,1
排骨汤,1
排近,1
推加,1
排行,1
掏腰包,1
掏钱,1
掐着,1
排上队,1
排不上,1
排位,1
排出去,1
排前,1
排号,1
排好,1
排得,1
排忧解难,1
排挺久,1
排桌,1
排档,1
排水,1
排水沟,1
推到,1
推卸,1
搞点,1
提示卡,1
提要,1
提议,1
提送,1
插卡,1
插孔,1
插播,1
插板,1
插销,1
握手,1
揪心,1
揽客,1
搁置,1
搞不懂,1
搞不清楚,1
搞懂,1
搞混,1
搞清楚,1
提笔,1
提点,1
推卸责任,1
提早去,1
推回,1
推广,1
推拉门,1
推来,1
推来推去,1
推行,1
推辞,1
推门,1
掺和,1
提一嘴,1
提不出,1
提个醒,1
提倡,1
提出批评,1
提包,1
提成,1
提提,1
放肆,1
放进来,1
放错,1
无异议,1
无忧无虑,1
无怪乎,1
无意,1
无愧,1
无所不知,1
无所适从,1
无担保,1
无故,1
无效,1
无数个,1
无数遍,1
无果,1
无槽,1
无止境,1
无法比拟,1
无法自拔,1
无烟,1
无心,1
无差,1
无表情,1
无处不在,1
旅居,1
旅开,1
旅游团,1
旅画,1
旗号,1
旗子,1
无一,1
无一不是,1
无不,1
无人问津,1
无从下手,1
无休止,1
无关紧要,1
无兴趣,1
无出其右,1
无可厚非,1
无可避免,1
无礼,1
无证,1
旅太美,1
早教,1
早班,1
早睡,1
早知,1
早餐会,1
早餐券,1
旱鸭子,1
时一进,1
时为,1
时买,1
时二宝,1
时住,1
时刷,1
时加,1
时因,1
时团,1
时大床,1
时头,1
早点儿,1
早已,1
无话可说,1
早安,1
无趣,1
无限极,1
无限连,1
无需多说,1
既加,1
既来之,1
既能,1
既视感,1
日到,1
日均,1
日夜,1
日容,1
日料奈苏,1
日景,1
日程表,1
旧旧,1
早住,1
旅对,1
旅友,1
放餐,1
数据,1
数星星,1
数次,1
敲定,1
敲开,1
敲窗,1
整了,1
整体而言,1
整体规划,1
整场,1
整备,1
整年,1
整条,1
整点,1
整理出来,1
整笑,1
整面,1
整顿,1
数日,1
数字电视,1
文创,1
数多,1
故事性,1
敏捷,1
救生,1
救生设备,1
教养,1
教室,1
教育,1
敞篷,1
敢出去,1
敢坐,1
散开,1
散散步,1
散架,1
散漫,1
敬意,1
数一数,1
数不胜数,1
整齐划一,1
斑斓,1
旁供,1
新地,1
新增,1
新大陆,1
新婚旅行,1
新意,1
新手,1
新春,1
新来,1
新造,1
方便面,1
方形,1
方特,1
方给,1
方该,1
方雪绒,1
施林琼,1
施舍,1
旁买,1
新型,1
新去,1
斑驳,1
新区,1
料定,1
料想,1
料理,1
斜楞,1
斜角,1
断定,1
断尾,1
断断,1
断断续续,1
断线,1
断网,1
斯汀,1
斯蒂,1
新且,1
新全,1
新冠,1
新冠刚,1
掌中,1
掉色,1
时属,1
找人,1
扯淡,1
扯皮,1
扰民,1
扶墙,1
扶持,1
扶正,1
批爆,1
找不出,1
找人补,1
掉皮,1
找会,1
找佳程,1
找修,1
找来,1
找王,1
找茬,1
找雨婷,1
承受,1
扭捏,1
扭崴,1
扭伤,1
扫着,1
打颤,1
打飞,1
扔起来,1
托儿,1
托班,1
托盘,1
托起,1
托运,1
托马斯,1
扛着,1
扣费,1
扣钱,1
扣除,1
执念,1
执念于,1
执法,1
扫描,1
承担,1
承载力,1
承载量,1
折券,1
折小,1
折扣店,1
折损,1
抚慰,1
抛开,1
抢占,1
抢去,1
抢吃,1
抢夺,1
抢座,1
抢成,1
抢手,1
抢购,1
抢走,1
抢钱,1
抢食,1
护床,1
折叠椅,1
抗疫,1
技压,1
抗拒,1
技能,1
抄底,1
抉择,1
把丽禾,1
把免,1
把头,1
把持,1
把握住,1
抓拍,1
抓瞎,1
投屏,1
投放,1
投资方,1
投食,1
抖音团,1
抗不,1
抗冻,1
打雷,1
打进去,1
打翻,1
所享,1
所在位置,1
所得,1
所怀,1
所急,1
所想,1
所提,1
所标,1
所欲,1
所求,1
所能,1
所致,1
所见即,1
所问,1
扈晓飞,1
手一指,1
手作,1
手信,1
所值,1
所为,1
手叠,1
房钱,1
房买个,1
房二大,1
房产,1
房住,1
房在,1
房外,1
房大床,1
房好,1
.-,1
房扫,1
房时,1
房晚,1
房本,1
房水,1
房管,1
房账,1
房里,1
手印,1
手夹,1
打碎,1
扎脚,1
打一,1
打动,1
打印文件,1
打印纸,1
打听,1
打喷嚏,1
打嗝,1
打扑克,1
打扰到,1
打折扣,1
打架,1
打气,1
打火机,1
打点,1
打球,1
打理,1
打的好,1
扑面而来,1
扎染,1
手提包,1
手霜是,1
手提袋,1
手摸,1
手术,1
手机号,1
手机套,1
手机短信,1
手柄,1
手框码,1
手段,1
手油,1
手绘,1
手脚,1
手艺,1
手调,1
手足无措,1
手蹭,1
手里,1
护航,1
护送,1
报复性,1
指派,1
指甲剪,1
指错,1
按份,1
按原,1
按待员,1
按排,1
按着,1
按错,1
挑个,1
挑人少,1
挑出,1
挑刺,1
挑刺儿,1
挡住,1
挡板,1
挡路,1
挣扎,1
指甲刀,1
指望,1
挤上,1
指挥,1
拿块,1
拿太多,1
拿捏,1
拿掉,1
拿杯,1
拿水,1
拿错,1
持家,1
挂到,1
挂怀,1
挂断,1
挂水,1
挂面,1
指出,1
指到,1
指名道姓,1
指向,1
挣钱,1
挤个,1
拿卡,1
捉醒,1
捏成,1
损伤,1
损害,1
损耗,1
捡了个,1
换下,1
换下来,1
换不换,1
换水,1
换点,1
换药,1
换过来,1
换高,1
捣乱,1
掀掉,1
掂水,1
掉入,1
捏住,1
挽回,1
挤爆,1
挺鲜,1
挥发,1
挥手,1
挨冻受饿,1
挪床,1
振动,1
振耳,1
挺久,1
挺小条,1
挺巧,1
挺强,1
挺旧,1
挺晚,1
挺火,1
挺爽,1
挺贵,1
挺香,1
挺高,1
拿取,1
拿出手,1
报多大,1
抽水,1
担不起,1
拆不多,1
拆台,1
拉下,1
拉下去,1
拉丝,1
拉人,1
拉人来,1
拉会,1
拉到,1
拉动,1
拉客,1
拉屎,1
拉帘,1
拉杆,1
拉生意,1
拉着,1
抽空去,1
抽开,1
拉近,1
抽取,1
报平安,1
报课,1
披风,1
抬滴,1
抱多大,1
抱太大,1
抱恙,1
抱拳,1
抱有,1
抵制,1
抵店,1
抵得,1
抵消,1
抵用,1
抵着,1
抽中,1
抽出,1
拉走,1
拉门,1
拿个,1
招嫉,1
招手,1
招来,1
拜拜,1
拥堵,1
拥挤不堪,1
拦下,1
拦杆,1
拦着,1
拦阻,1
拧开,1
拨通,1
拷贝,1
拼凑,1
拼命,1
拼成,1
拿上来,1
拿下,1
招待员,1
拖拉,1
拉马,1
拖延,1
拉高,1
拌面,1
拍出,1
拍图,1
拍墙,1
拍张,1
拍成,1
拍旅,1
拍时,1
拍景,1
拍片,1
拍累,1
拍订,1
拎包,1
拐子,1
拓展,1
拖动,1
时小盆友,1
时延,1
户口本,1
此条,1
正确理解,1
正门,1
正门口,1
此人,1
此刻,1
此即,1
此名,1
此家,1
此点,1
柏悦和丽思,1
此生,1
此种,1
此类,1
步伐,1
步梯,1
步步,1
步道,1
武汉,1
正月,1
正当要求,1
正对面,1
正前方,1
次带,1
次序,1
次次,1
欢声笑语,1
欢聚,1
欣喜,1
欧凯,1
欧哲明,1
欧新伟,1
欧等,1
欺软怕硬,1
歌声,1
歌手,1
歌曲,1
正义,1
正停,1
正儿八经,1
武淇,1
歧义,1
死活,1
比不高,1
比亚,1
比仁恒多,1
比仁恒差,1
比喜,1
比喻,1
比复,1
比得过,1
比柏悦,1
比比,1
比略,1
比美,1
比肩,1
比较忙,1
比较清楚,1
比较而言,1
比较落后,1
比长隆,1
比丽思,1
每项,1
死角,1
每隔,1
死赖,1
残忍,1
残留,1
残食,1
残骸,1
段距离,1
殷名,1
母亲节,1
母子,1
每一刻,1
每一处,1
每一项,1
每套,1
每层,1
每样,1
每步,1
每种,1
次地,1
次品,1
次入馆,1
树阴,1
栩栩如生,1
样儿,1
样本,1
核查,1
根大,1
根新,1
根本宗旨,1
案发现场,1
桌位,1
桌吃,1
桌后,1
桌布,1
桌用,1
桌等,1
档期,1
梁冰,1
梁海,1
栓冒出,1
树梢,1
梦寐以求,1
树影,1
柏油路,1
某书,1
某悦,1
某朵,1
某迪,1
某逊,1
某音,1
柜拿太远,1
柜里,1
柠檬,1
查不到,1
柯柯,1
标牌,1
标语,1
栏里,1
树举,1
树叶,1
梁聪伟,1
梦幻般,1
次住,1
楠来,1
楼主,1
楼梯口,1
楼盘,1
楼边,1
楼面,1
概况,1
概论,1
榕庄,1
榜单,1
榴莲,1
模板,1
横琴,1
横说竖说,1
樱桃,1
橄榄油,1
橙子,1
橙汁,1
楼上楼下,1
楠加,1
梦想成真,1
椰蓉,1
梦游,1
梨膏,1
梯队,1
梳理,1
检吗,1
检测点,1
检票口,1
检验,1
棉签,1
棉花,1
棒呆,1
棒棒糖,1
森森,1
椅是,1
植入,1
椰子树,1
椰子汁,1
毗邻,1
毛发,1
毛绒,1
没够,1
没太大,1
没对,1
没少,1
没开秀,1
没弄,1
没戴,1
没抱,1
没拉,1
没拍,1
没指望,1
没排,1
没操,1
没收,1
没放,1
没整,1
没施,1
没有数过,1
没太多,1
没多定,1
没棒,1
没多大,1
沙粒,1
沙质,1
没上去,1
没事干,1
没人住,1
没人带,1
没什能,1
没凉,1
没出,1
没刀,1
没加来,1
没动静,1
没发,1
没取,1
没叫,1
没吃过,1
没品,1
没查,1
没活,1
沙发椅,1
沮丧,1
河粉,1
沸沸扬扬,1
油印,1
油味,1
油性,1
油漆,1
油脂,1
沾不上边,1
沾到,1
沾边,1
沿途,1
泊车,1
泔水,1
法庭,1
法式,1
法律法规,1
法拉利,1
河太赞,1
没齐,1
没满,1
没钱,1
没点,1
没玩好,1
没玩过,1
没瞎醒,1
没精打采,1
没胶,1
没花,1
没解,1
没记准,1
没说,1
没说到,1
没说的,1
没赞,1
没边,1
没过,1
没过多久,1
没逛,1
沙漠,1
沙发床,1
毛茸茸,1
水下景观,1
水冲,1
水冷,1
水凉,1
水到,1
水垢,1
水城,1
水太低,1
水太凉,1
水太热,1
水屋,1
水帘洞,1
水擦,1
水放,1
水晶宫,1
水槽,1
水泡,1
水洒,1
水位,1
氟西汀,1
水涨船高,1
气炸,1
毫无疑问,1
民才,1
民生,1
民间,1
气人,1
气候,1
气候宜人,1
气儿,1
气到,1
气势,1
气势恢宏,1
气受,1
气场,1
气垫,1
气垫船,1
气死我了,1
气泡,1
水洗,1
水漏,1
沒有,1
池有,1
池水,1
池池,1
池浮,1
池玩,1
池玩个,1
池畔,1
池都关,1
池配,1
池里,1
污垢,1
污水,1
污衣篮,1
汤粉,1
汤面,1
沈丹人,1
沈丹用,1
沐浴乳,1
池比,1
池只,1
水煮开,1
江浙,1
水留,1
水稍,1
水箱,1
水簇馆,1
水脏,1
水臭,1
水蓝,1
水要,1
水道,1
水里去,1
水量,1
水阀,1
永久,1
永平,1
永远都是,1
永驻,1
汇聚,1
柏拉图,1
枯燥,1
时想,1
最中,1
更美,1
更衣柜,1
更衣间,1
曹操,1
曼哈顿,1
曾秀扬,1
替班,1
最一,1
最乱,1
枪头,1
最令,1
最全,1
最受,1
最可气,1
最多值,1
最多开,1
最大化,1
最头,1
更绝,1
更累,1
更暖心,1
更显,1
曲折,1
曲风,1
更上一层楼,1
更久且,1
更乱,1
更令,1
更优,1
更会,1
更住,1
更何况,1
更值,1
更具,1
更多人,1
更多更好,1
更快,1
更新快,1
更无语,1
最得,1
最慢,1
最无语,1
有句,1
有园,1
有多值,1
有多绝,1
有大,1
有大杯,1
有天,1
有妆发,1
有娃,1
有孙,1
有孩,1
有开,1
有得有失,1
有忙,1
有恃无恐,1
有意识,1
有所增加,1
有所提高,1
有团单,1
有包,1
最晚,1
有光,1
最爱有,1
最爱造,1
最牛,1
最绝,1
最要,1
最长,1
最难,1
最靠,1
月亮,1
月光,1
月定,1
月工资,1
月经,1
有三米,1
有住,1
有佳,1
有假,1
暴怒,1
暗示,1
暖水,1
星十,1
星期五,1
星期日,1
星空,1
星际,1
映入,1
映衬,1
春夏,1
春暖花开,1
春运,1
春风,1
是夜,1
是速,1
是鸿森,1
昵称,1
显小,1
显差,1
显现出来,1
星半,1
易海,1
晃动,1
易懂,1
时拿卡,1
时效性,1
时比,1
时艰,1
时要,1
时读,1
时超,1
时逢,1
时钟,1
时间延迟,1
昂贵,1
明媚,1
明快,1
明日,1
明知,1
明示,1
昏暗,1
显而易见,1
晃晃,1
暖定,1
景呀,1
晴天,1
晴款,1
晴空万里,1
晶人,1
晶偏,1
晶可选,1
晶改团,1
晶是,1
晶有,1
晶比,1
晶莹剔透,1
晶都,1
智尊,1
晾干,1
晾衣杆,1
暂别,1
暂玩,1
景观设计,1
普遍现象,1
晃荡,1
普通话,1
晋升,1
晒伤,1
晓宇,1
晓得,1
晓雪,1
晕船,1
晚会,1
晚去,1
晚后,1
晚宴,1
晚小李,1
晚机,1
晚来,1
晚玩,1
晨曦,1
晨间,1
普洱茶,1
有效性,1
有效期,1
有条,1
条条,1
来人少,1
来仁恒,1
来住,1
来刷,1
来取,1
来句,1
来块,1
来定,1
来度,1
来开,1
来来,1
来玩时,1
来补,1
来袭,1
来要,1
来订,1
来访,1
来临,1
杏仁,1
杨光慧,1
李送,1
李同,1
李周,1
李坤,1
李妍,1
李子,1
李新蛟,1
李春梅,1
李是,1
李泯岑,1
李点,1
李现,1
李登,1
李秀玲,1
李管家,1
李经理,1
李莉娟,1
李让,1
杨丹妮,1
杨晓宁,1
李丹,1
极赞,1
枕以,1
枕套,1
枕着,1
枕芯,1
林亚,1
林大哥,1
林姐,1
林小姐,1
林旺,1
林明生,1
林自广,1
林鸿,1
果皮,1
果盆,1
果蔬,1
果蔬汁,1
果酒,1
构想,1
极至,1
杨桃,1
极简,1
杨欢,1
杯子,1
杯水,1
杯水车薪,1
杰尼,1
松动,1
松鼠,1
板凳,1
板材,1
板着脸,1
极个别,1
极优,1
极具,1
极尽,1
极强,1
极有,1
极点,1
李从,1
李中兰及,1
有条有理,1
有课,1
有配,1
有酸,1
有问有答,1
有雨,1
有饭,1
有马,1
有鱼,1
有鹅肝,1
服务处,1
服务室,1
服务者,1
服务费,1
服多,1
服装,1
服饰店,1
望去,1
望海,1
有速,1
有订,1
朝东,1
有虫,1
有条理,1
有来,1
有样,1
有根,1
有次,1
有海,1
有烂,1
有片,1
有现,1
有球,1
有生,1
有生以来,1
有目共睹,1
有着落,1
有礼有节,1
有福,1
有答,1
望能,1
朝北,1
杂技演员,1
本岛居民,1
本质,1
本质区别,1
本集,1
朱加耀,1
机到,1
机动,1
机器人,1
机处,1
机子,1
机是,1
机有,1
机械性,1
机灵,1
机遇,1
机顶盒,1
杂乱不堪,1
杂市般,1
本留言,1
本地化,1
朝南,1
本周,1
朝气,1
朝水,1
朝霞,1
木板,1
木板床,1
木桶,1
未修,1
未免太,1
未到,1
未带,1
未开,1
未曾,1
未见,1
未送,1
末班车,1
末端,1
本区,1
户外活动,1
户内,1
地玩上,1
守候,1
学生,1
学长,1
孩儿,1
孩心,1
孩的,1
孩超,1
宁静,1
它家,1
守规矩,1
套话,1
安全系数,1
安利,1
安娜,1
安安,1
安安静静,1
安放,1
安曼,1
安检,1
学中,1
孤陋寡闻,1
季带,1
季人,1
娴熟,1
婚假,1
婷婷,1
嫉妒,1
嫌多,1
嫌弃,1
嫌疑,1
嫌累,1
嬉戏,1
嬉游,1
子女,1
子尿,1
孕妇,1
字差,1
孙丽,1
孙女,1
孙辈来,1
安然,1
安置,1
完加,1
定心,1
定时器,1
宛如,1
宛若,1
宝刚,1
宝去,1
宝可借,1
宝格丽,1
宝玩得,1
宝贵,1
宝送,1
实体店,1
实再,1
实则,1
实在话,1
实处,1
实实在在,1
实战,1
定房,1
定制,1
完嘉佩乐,1
定到,1
完大号,1
完好,1
完婚,1
完早,1
完满,1
完烤,1
完电,1
完秀,1
完美无缺,1
完胜,1
完蛋,1
完钱续,1
完队,1
宏伟,1
官家,1
官网,1
定仁恒,1
娱乐型,1
娃超,1
娃托,1
好几百元,1
好哟,1
好多个,1
好头,1
好奇心,1
好好看,1
好孩子,1
好家伙,1
好差,1
好帅,1
好想续,1
好放,1
好极,1
好榜样,1
好次,1
好水,1
好消息,1
好游,1
好味,1
好几百,1
好离,1
好几圈,1
奢望,1
奥兰多,1
女主管,1
女宝,1
奶味,1
奶油,1
奶油味,1
奶粉,1
奸笑,1
好下,1
好了没,1
好住,1
好几,1
好几万,1
好几件,1
好几十个,1
好几千,1
好烦,1
好笑,1
娃子,1
如需,1
妈宝,1
妖艳,1
妙回,1
妨碍,1
妩媚,1
妮娜,1
妻儿,1
始创,1
姓氏,1
委托,1
委曲求全,1
姜丝,1
姜建合,1
姜汤,1
威士忌,1
威灵顿,1
娃叠,1
妈呀,1
如织,1
好者,1
如租个,1
好能,1
好自为之,1
好觉,1
好车,1
好转,1
好运气,1
好远,1
如出一辙,1
如刷,1
如图所示,1
如实,1
如家,1
如想,1
如梦似,1
如梭,1
如沐着,1
如沫,1
实诚,1
实质性,1
审查,1
小宋,1
小家子气,1
小家庭,1
小寒,1
小岳岳,1
小巧,1
小差,1
小帽子,1
小店,1
小弟,1
小张,1
小徐,1
小悠小丽,1
小情,1
小憩,1
小时候,1
小星星,1
小有,1
小定,1
小学,1
小朵,1
小姜,1
小偷,1
小儿科,1
小动作,1
小区,1
小升初,1
小卖部,1
小可爱,1
小吐槽,1
小君,1
小周,1
小和差,1
小哥儿,1
小堵,1
小大孩们,1
小天使,1
小妞,1
小妹,1
小朋,1
小柜,1
小便斗,1
小老弟,1
小而全,1
小而精,1
小而脏,1
小肖为,1
小肖点,1
小脚,1
小艇,1
小菜,1
小虫子,1
小西,1
小视频,1
小言哥,1
小贩,1
小跑,1
小路,1
小身,1
小远,1
小老鼠,1
小翠,1
小样,1
小组,1
小桌,1
小梨,1
小殷,1
小沅,1
小游戏,1
小王子,1
小玩,1
小球,1
小男孩,1
小白,1
小白来,1
小白猪,1
小睡,1
小石,1
小福,1
小章鱼,1
小米粥,1
小假,1
小些,1
审美,1
家用,1
家部,1
家金梦楚,1
家长会,1
容入,1
容纳,1
宽度,1
宽松,1
宽裕,1
宾客盈门,1
宾至入,1
宾馆酒店,1
寄养,1
寄居蟹,1
寄店,1
寄来,1
寄过来,1
寄还给,1
家私,1
家有,1
密封性,1
家晚,1
审讯,1
客们,1
客关,1
客套,1
客官,1
客控,1
客李,1
宣传性,1
宣称,1
室内拖鞋,1
宵禁,1
家乐福,1
家乡,1
家园,1
家太近,1
家家,1
家尉,1
密密麻麻,1
密接,1
小云,1
对非,1
寻求,1
导视牌,1
导览,1
寿司,1
寿星,1
寿桃,1
封住,1
封口费,1
封城,1
封条,1
封神,1
将车,1
将门,1
尊严,1
小丑,1
小乖,1
小事儿,1
寻思,1
对门,1
密码箱,1
对调,1
密闭,1
密集度,1
富有,1
富贵,1
寒冷,1
寒心,1
寒暑假,1
对不上,1
对事,1
对人,1
对住,1
对出,1
对刚,1
对小盆友,1
对带,1
对策,1
对要,1
奢侈品,1
套盒,1
小钱,1
多台,1
多伦,1
多元化,1
多公里,1
多写,1
多出,1
多切,1
多刷,1
多变,1
多吐槽,1
套包,1
多喝水,1
多回,1
多国,1
多场次,1
多处,1
多备,1
多太忙,1
多好,1
多人能,1
多一间,1
外间,1
外衣,1
夕阳西下,1
外伤,1
外公,1
外取餐,1
外壳,1
外套,1
外婆,1
外孙女,1
外宾,1
外是,1
外景,1
外渗,1
外烂絮,1
外焦里嫩,1
外界,1
外籍,1
外线,1
多定,1
多岁,1
多巴胺,1
多项,1
夜夜,1
夜潜,1
夜近,1
够不上,1
大上,1
大不差,1
大东海,1
大件,1
大份,1
大作,1
大军,1
大利,1
大力士,1
大劲,1
大双床,1
大可不必,1
大吃一惊,1
多鱼,1
多闲,1
多平,1
多长时间,1
多床,1
多得,1
多怕,1
多慢,1
多放点,1
多方位,1
多日,1
多早,1
多有,1
多玩会,1
多种不同,1
多虑,1
多订,1
多近,1
多选,1
多钱造,1
多长,1
夕阳,1
夏秋,1
夏才,1
坐拥,1
坐牢,1
坐电梯,1
坐车来,1
坐轮椅,1
坐错,1
坑太多,1
坑骗,1
坦诚,1
坯子,1
垂直,1
垂落,1
垃圾袋,1
垄断,1
垫个,1
垫付,1
埋怨,1
城堡,1
坐椅,1
坐得,1
城约,1
坐小,1
地皮,1
地租,1
地级市,1
地被,1
地选,1
场上,1
场内,1
均衡,1
坏境,1
坏处,1
坏掉,1
坐不上,1
坐不住,1
坐位,1
坐地,1
坐坐,1
坐太远会,1
城景,1
基业,1
复游雪,1
增送,1
墨镜,1
壮美,1
声会,1
声像,1
声甜,1
壶里,1
处事,1
处有,1
备受瞩目,1
备好,1
备感,1
备有,1
备用品,1
备选,1
备餐,1
备高,1
复游金,1
墨西哥,1
增补,1
基本功,1
增开,1
基酒,1
堆满,1
堆积如山,1
堪忧,1
堪比,1
堵住,1
塑料袋,1
塔太,1
塔里,1
塔顶,1
塞坏,1
塞点,1
填下,1
填补,1
境外,1
墓地,1
增光添彩,1
大吉大利,1
大哥,1
大唐,1
太抱,1
太撑,1
太无语,1
太旧,1
太普通,1
太松,1
太毒,1
太水,1
太浅,1
太烈,1
太爱太爱,1
太爱浪,1
太瘦,1
太穷,1
太缺,1
太网,1
太蓝,1
太赶,1
太拉,1
太度,1
太迟,1
太底,1
天河,1
天然,1
天玩,1
天问,1
天阴,1
天黑,1
太丑,1
太亲民,1
太信,1
太内卷,1
太厚,1
太多会,1
太多想,1
太大太大,1
太大太累,1
太宰,1
太平,1
太过分,1
太重,1
天水,1
头名,1
头晕,1
头皮,1
头皮发麻,1
头部,1
头闹,1
夸下,1
夸大,1
夸夸,1
夹带,1
夹心饼干,1
奇奇怪怪,1
奇观,1
奋斗,1
契合,1
契约,1
奖品,1
套务,1
头头是道,1
头上,1
太阳伞,1
失联,1
太阳光,1
太阳岛,1
太阳帽,1
太阳镜,1
太难,1
太难受,1
太饱,1
太高兴,1
太高太高,1
太黑,1
夫妇,1
夫妻,1
夫强,1
失声,1
失灵,1
失眠,1
失职,1
天池,1
天气状况,1
大坑,1
大得,1
大无语,1
大是,1
大本营,1
大杂院,1
大桥,1
大橘,1
大款,1
大水池,1
大汉,1
大洋,1
大热,1
大煞风景,1
大爷,1
大理石,1
大盘,1
大礼盒,1
大秀,1
大拇指,1
大开,1
大筐,1
大年初二,1
大型超市,1
大城市,1
大够,1
大大提高,1
大太多,1
大女,1
大好时光,1
大孔,1
大家乐,1
大家庭,1
大富大贵,1
大小事,1
大屏幕,1
大师,1
大幅,1
大幅度,1
大年初一,1
大程度,1
大箱子,1
天气炎热,1
天上,1
天儿,1
天全,1
天公,1
天内,1
天再,1
天凉点,1
天半,1
天呐,1
天在,1
天大,1
天定,1
天就够,1
天带,1
天时地利人和,1
天正,1
天气情况,1
天气晴朗,1
天不热时,1
天一,1
大美妞,1
大鹏,1
大老远,1
大而无当,1
大聊,1
大肉,1
大能,1
大脚,1
大脸,1
大自然,1
大虾,1
大袋,1
大锅,1
大雾,1
大面,1
大食代,1
大餐,1
大饱眼福,1
大鱼,1
小迟,1
小锅,1
戴着,1
心累,1
心慌,1
心成,1
心扉,1
心才,1
心烦,1
心生,1
心痛,1
心目,1
心结,1
当作,1
心而路,1
心脏,1
心跳,1
心里打鼓,1
必不可少,1
必到,1
必带,1
必帮,1
心惊,1
心悦,1
心得,1
心弦,1
得不偿失,1
得定够,1
御用,1
微信名,1
微信来,1
微信码,1
微缩,1
心上,1
心不甘,1
心中,1
心中有数,1
心仪,1
心到,1
心地,1
心地善良,1
心寒,1
心带,1
必找,1
必有,1
必胜客,1
快板,1
快递费,1
快餐,1
快餐店,1
念叨,1
念旧,1
忽冷忽热,1
忽略不计,1
态度生硬,1
态度端正,1
怎么回事,1
怒气,1
怕冷,1
思路,1
思通,1
急人所急,1
急性子,1
急时,1
快没了,1
快慢,1
必达,1
快快乐乐,1
忍者,1
忍过来,1
忐忑不安,1
忘乎所以,1
忙不迭,1
忙东忙西,1
忙于,1
忙季,1
忙里偷闲,1
忙里忙外,1
忙音,1
忧桑,1
忧美,1
快下班,1
快且,1
快到,1
快度,1
徒有其表,1
徒有其名,1
徒有,1
彼此之间,1
往下掉,1
往人堆,1
往前走,1
往后,1
往后走,1
往后面,1
往常,1
往来,1
往里,1
往里面,1
征服,1
征求意见,1
待人接物,1
待在家里,1
待够,1
待定,1
很丧,1
往上,1
彼伏,1
很久很久,1
影院,1
当属,1
当早,1
当月,1
当班,1
当道,1
当饭,1
录个,1
录音,1
形了,1
形式主义,1
彩虹,1
彩蛋,1
彭晓东,1
彰显,1
影儿,1
影响力,1
影城,1
很久开,1
很久换,1
徐碧江,1
很湿,1
很烦,1
很爱水,1
很白,1
很矮,1
很空,1
很紧,1
很细,1
很腥,1
很要,1
很豪,1
很贵,1
很软,1
很迟,1
很重,1
很闹,1
徐佳程,1
徐小姐,1
很点,1
很深,1
很久队,1
很淡,1
很会,1
很加分,1
很响,1
很坑,1
很多年,1
很多遍,1
很巧,1
很巴适,1
很帅,1
很忙,1
很想,1
很扎脚,1
很拉低,1
很拉风,1
很挤,1
很林,1
很浪,1
急流,1
急用,1
急速,1
感超,1
愧对,1
愧疚,1
愿不愿意,1
慌慌张张,1
慕斯太,1
慢些,1
慢充,1
慢吞吞,1
慢慢说,1
慢点,1
慷慨,1
憋屈,1
憋死,1
憨笑,1
懒散,1
成分,1
成双床,1
感超差,1
感观,1
成果,1
感要,1
感动不已,1
感去,1
感在,1
感太,1
感太差,1
感小贵,1
感就会,1
感应,1
感恩节,1
感悟,1
感打,1
感挺,1
感是,1
感有,1
感概,1
感比,1
感略,1
成本增加,1
成水,1
感到高兴,1
我房,1
我换,1
我方,1
我气,1
我玩大,1
我续,1
我补,1
我车,1
我过,1
我配,1
我领,1
戒备,1
或水,1
战力,1
战斗机,1
战胜,1
戳戳,1
戴帽子,1
我拉来,1
我意,1
成熟度,1
我快,1
成片,1
成群,1
我下,1
我亏,1
我人,1
我付,1
我份,1
我信,1
我刚,1
我到,1
我刷,1
我办,1
我升房,1
我太累,1
我头,1
我娃,1
我少,1
感加分,1
感再,1
急需,1
恐怖片,1
恐水症,1
恒隆,1
恕我直言,1
恩人,1
恬静,1
恭喜,1
恰到,1
恰如其分,1
恰当,1
恶劣行径,1
恶报,1
悄悄地,1
悠哉悠哉,1
悠悠闲闲,1
悠然,1
悠闲地,1
悬念,1
恐惧感,1
恍惚,1
情不自禁,1
恍如隔世,1
性价,1
性感,1
怨气,1
怪怪的,1
总会,1
总刷,1
总厨,1
总去,1
总和,1
总在,1
总开关,1
总控,1
总数,1
总有个,1
总觉,1
总评,1
总该,1
悬着,1
情人,1
感不强,1
想坑,1
想尽,1
想尽办法,1
想方设法,1
想法,1
想订,1
想起,1
想过,1
想进,1
惺惺作态,1
愈来愈好,1
愈演愈烈,1
意味,1
意味着,1
意式,1
意料之中,1
意粉,1
感不佳,1
想尝,1
想回,1
情急之下,1
想吃面,1
情报,1
情景,1
情理,1
情节,1
情谊,1
惊奇,1
惊彩,1
惊掉,1
惊醒,1
惠林顿,1
惠顾,1
惦记着,1
想不通,1
想二刷水,1
想像,1
想先,1
想加,1
当周,1
当伴,1
小题大做,1
帅锅,1
市级,1
市集,1
布丁,1
布不分,1
布偶,1
布都,1
布鞋,1
帅小伙,1
帕尔玛,1
归来,1
帕尼尼,1
带上来,1
带二娃,1
带人,1
带伞,1
带住,1
带去,1
带口,1
市容,1
市内,1
巷子,1
巴黎,1
巨潮,1
巨贵且,1
差异化,1
差得远,1
差感,1
差挺,1
差点儿,1
差选,1
已到,1
已想,1
已显,1
已略,1
已知,1
已过,1
巴拿马,1
巴脑,1
巴适,1
带回,1
带大点,1
带好,1
帮定,1
帮祝,1
帮约,1
帮衬,1
帮选个,1
常事,1
常住,1
常去,1
常客,1
常态,1
常理,1
常驻,1
帽子,1
幌子,1
幕墙,1
干区,1
干洗,1
干涩,1
帮换,1
帮加,1
带娃二刷,1
帮办,1
带娃定,1
带娃能,1
带小盆友们,1
带少,1
带带,1
带座,1
带成,1
带水,1
带泳圈,1
带点,1
带病,1
带进,1
带风,1
帮个,1
帮们,1
帮别人,1
帮到,1
巨幕,1
巨差,1
巨吵,1
尖锐,1
尝到,1
尝尝,1
尝试性,1
尝过,1
就会响,1
就会来,1
就存,1
就续,1
就象,1
就近,1
尺寸,1
尽兴而归,1
尽墨,1
尽心尽职,1
尽览,1
尽量少,1
尾声,1
尚好,1
少部分,1
尾气,1
少走弯路,1
小高,1
小高加,1
小鸭子,1
小麻烦,1
小黄,1
小黑,1
少人,1
少凉,1
少太多,1
少年儿童,1
少得,1
少时,1
少有,1
少而精,1
少芸,1
少见,1
少说,1
尾房,1
尾波,1
工薪阶层,1
山寨,1
山海,1
山竹,1
山间,1
岛屿,1
峰终,1
崇洋媚外,1
崔好,1
崽子,1
崽崽们,1
川菜,1
巡回,1
巡房,1
工作证,1
工商,1
工程师,1
工细,1
工艺,1
山山水水,1
履行,1
尿渍,1
属期,1
局促,1
层为,1
层人,1
层出不穷,1
层复游,1
层多,1
层大,1
层次,1
层靠西,1
层高,1
居家,1
屋顶,1
屏保,1
展板,1
展现,1
展览,1
展馆,1
干白,1
干脆,1
干饭,1
开来开去,1
开演,1
开灯,1
开玩,1
开眼界,1
开船,1
开花,1
开营,1
开走,1
开辟,1
开送,1
开通,1
开错,1
开间,1
异地,1
异形,1
弄不好,1
弄个,1
开档,1
开来,1
弄出来,1
开朗,1
开下门,1
开不开,1
开了花,1
开了门,1
开人,1
开会,1
开关门,1
开刷,1
开合,1
开场,1
开头,1
开尾箱,1
开幕,1
开床,1
开开,1
开得,1
开心玩,1
弄乱,1
弄完,1
建群,1
张老师,1
张苗红,1
弧形,1
弧线,1
弯有,1
弯路,1
弱项,1
弹跳,1
强买强卖,1
强势,1
强化,1
强大,1
强度,1
强硬,1
强行,1
强要,1
强项,1
归位,1
张艳敏,1
张秀,1
弄成,1
张狂,1
弄混,1
弄清楚,1
弄湿,1
式微,1
引上,1
引人入胜,1
引去,1
引发,1
引用,1
引路,1
张券,1
张卡,1
张家,1
张小,1
张张,1
张微,1
张瀚文,1
建造,1
建筑设计,1
平全,1
并会,1
并加,1
并床,1
并订,1
幸遇,1
幼童,1
幽静,1
广州市,1
广式,1
广播,1
广深,1
庆时,1
床加,1
床口,1
床后,1
床和加,1
床型,1
床大,1
并入,1
并不大,1
床尾,1
并不一定,1
平平,1
平底锅,1
平息,1
平民化,1
平白无故,1
平穷,1
平静,1
年初一,1
年味,1
年夜,1
年幼,1
年收入,1
年时,1
年级,1
年轻化,1
年里,1
年龄层,1
床大且,1
床床,1
建筑工程,1
废话,1
度大,1
度正,1
度角,1
度赞,1
度高,1
座机,1
座次,1
康师傅,1
庸才,1
延了,1
延伸,1
延到,1
延房,1
廷迟,1
建好,1
建成,1
建立,1
度假地,1
店门,1
床房,1
店长,1
床挡,1
床板,1
床档,1
床硬,1
床饰,1
应变能力,1
应多,1
应接,1
应适当,1
底下,1
底楼,1
底气,1
底片,1
底线,1
店下,1
店大,1
店方,1
龟速慢,1
